name,date,year_of_production,length_min,age_restriction,country,time,price
Коммерсант,2026-05-15,2025,,18+,Россия,20:00,570
Грация,2026-05-15,2025,131,18+,Италия,21:30,570
Ускользающая красота,2026-05-15,1995,118,16+,"Италия, Франция, Великобритания",21:40,570
Хокум,2026-05-15,2026,107,18+,"Ирландия, ОАЭ, США",22:00,570
Вот это драма!,2026-05-15,2026,106,18+,США,22:05,570
Шурале,2026-05-15,2025,90,18+,Россия,20:00,570
На гребне волны,2026-05-15,1991,120,16+,США,21:20,570
Грация,2026-05-15,2025,131,18+,Италия,21:30,570
Разговор,2026-05-15,1974,113,18+,США,21:55,570
Вот это драма!,2026-05-15,2026,106,18+,США,22:00,570
Хокум,2026-05-15,2026,107,18+,"Ирландия, ОАЭ, США",22:05,570
Коммерсант,2026-05-15,2025,,18+,Россия,20:00,650
Коммерсант,2026-05-15,2025,,18+,Россия,22:00,650
Грация,2026-05-15,2025,131,18+,Италия,21:25,650
Разговор,2026-05-15,1974,113,18+,США,21:55,650
Хокум,2026-05-15,2026,107,18+,"Ирландия, ОАЭ, США",22:05,650
Великая красота,2026-05-15,2013,142,18+,"Италия, Франция",20:00,650
Шурале,2026-05-15,2025,90,18+,Россия,20:45,650
Ускользающая красота,2026-05-15,1995,118,16+,"Италия, Франция, Великобритания",21:05,650
Грация,2026-05-15,2025,131,18+,Италия,21:30,650
Вот это драма!,2026-05-15,2026,106,18+,США,21:40,650
Ангелы Ладоги,2026-05-15,2026,,12+,Россия,20:00,420
Разговор,2026-05-15,1974,113,18+,США,20:50,290
Хокум,2026-05-15,2026,107,18+,"Ирландия, ОАЭ, США",20:05,480
Грация,2026-05-15,2025,131,18+,Италия,21:30,480
Разговор,2026-05-15,1974,113,18+,США,21:50,480
Вот это драма!,2026-05-15,2026,106,18+,США,21:55,480
Шурале,2026-05-15,2025,90,18+,Россия,22:10,480
Вот это драма!,2026-05-15,2026,106,18+,США,20:40,530
Ла-Ла Ленд,2026-05-15,2017,129,16+,США,20:50,470
Сад изящных слов,2026-05-15,2013,46,18+,Япония,21:35,470
Грация,2026-05-15,2025,131,18+,Италия,20:50,520
Вот это драма!,2026-05-15,2026,106,18+,США,21:00,520
Грация,2026-05-15,2025,131,18+,Италия,20:55,540
Ветер крепчает,2026-05-15,2014,126,12+,Япония,21:05,380
Коммерсант,2026-05-15,2025,,18+,Россия,20:55,420
"Дом, который построил Джек",2026-05-15,2018,152,18+,"Дания, Франция, Германия, Швеция",21:05,320
Грация,2026-05-15,2025,131,18+,Италия,21:00,480
Вот это драма!,2026-05-15,2026,106,18+,США,21:45,480
Вот это драма!,2026-05-15,2026,106,18+,США,21:05,450
Полутон,2026-05-15,2025,94,18+,Канада,21:20,290
Хокум,2026-05-15,2026,107,18+,"Ирландия, ОАЭ, США",21:30,580
Ангелы Ладоги,2026-05-15,2026,,12+,Россия,21:10,470
Коммерсант,2026-05-15,2025,,18+,Россия,21:20,470
Олдбой,2026-05-15,2003,120,18+,Южная Корея,21:40,250
Коммерсант,2026-05-15,2025,,18+,Россия,22:00,420
Лео и Тиг. Дорога на Байкал,2026-05-16,2026,65,6+,Россия,09:30,350
Грация,2026-05-16,2025,131,18+,Италия,10:15,350
Грация,2026-05-16,2025,131,18+,Италия,12:55,420
Грация,2026-05-16,2025,131,18+,Италия,17:55,580
Грация,2026-05-16,2025,131,18+,Италия,20:35,580
Вверх по волшебному дереву,2026-05-16,2026,110,6+,Великобритания,10:55,350
Грузовички,2026-05-16,2026,,6+,Россия,13:10,470
Шурале,2026-05-16,2025,90,18+,Россия,14:55,470
Разговор,2026-05-16,1974,113,18+,США,15:35,540
Семь верст до рассвета,2026-05-16,2026,102,16+,Россия,16:50,540
Коммерсант,2026-05-16,2025,,18+,Россия,19:00,580
На гребне волны,2026-05-16,1991,120,16+,США,21:10,580
Лео и Тиг. Дорога на Байкал,2026-05-16,2026,65,6+,Россия,09:30,280
Лео и Тиг. Дорога на Байкал,2026-05-16,2026,65,6+,Россия,13:10,330
Мой сосед Тоторо,2026-05-16,2008,86,6+,Япония,10:40,220
Ангелы Ладоги,2026-05-16,2026,,12+,Россия,10:55,280
Ходячий замок,2026-05-16,2004,119,6+,Япония,12:25,290
Вверх по волшебному дереву,2026-05-16,2026,110,6+,Великобритания,14:35,380
2046,2026-05-16,,128,18+,"Китай, Франция, Германия, Гонконг",14:45,290
Семь верст до рассвета,2026-05-16,2026,102,16+,Россия,16:50,380
Ускользающая красота,2026-05-16,1995,118,16+,"Италия, Франция, Великобритания",17:10,290
Вот это драма!,2026-05-16,2026,106,18+,США,18:55,440
Разговор,2026-05-16,1974,113,18+,США,19:25,290
Коммерсант,2026-05-16,2025,,18+,Россия,21:00,440
Ветер крепчает,2026-05-16,2014,126,12+,Япония,21:40,290
Вверх по волшебному дереву,2026-05-16,2026,110,6+,Великобритания,09:35,290
Вверх по волшебному дереву,2026-05-16,2026,110,6+,Великобритания,15:00,470
Приключения желтого чемоданчика,2026-05-16,2026,,6+,Россия,09:45,350
Принцесса Мононоке,2026-05-16,2010,134,12+,Япония,10:00,220
Грузовички,2026-05-16,2026,,6+,Россия,11:35,440
Лео и Тиг. Дорога на Байкал,2026-05-16,2026,65,6+,Россия,11:45,350
Лео и Тиг. Дорога на Байкал,2026-05-16,2026,65,6+,Россия,13:15,520
Небесный замок Лапута,2026-05-16,1986,125,12+,Япония,12:30,240
Своя в доску,2026-05-16,2026,90,6+,Россия,13:05,390
Коммерсант,2026-05-16,2025,,18+,Россия,14:35,520
Коммерсант,2026-05-16,2025,,18+,Россия,19:15,470
Посторонний,2026-05-16,2025,122,18+,,14:45,270
Вот это драма!,2026-05-16,2026,106,18+,США,16:30,580
Вот это драма!,2026-05-16,2026,106,18+,США,21:10,470
Любовное настроение,2026-05-16,2000,98,18+,Гонгконг,17:05,290
Семь верст до рассвета,2026-05-16,2026,102,16+,Россия,17:15,470
Хокум,2026-05-16,2026,107,18+,"Ирландия, ОАЭ, США",18:40,580
О моем перерождении в слизь: Слезы Синего моря,2026-05-16,2026,105,16+,,18:50,290
Грация,2026-05-16,2025,131,18+,Италия,20:40,580
Разговор,2026-05-16,1974,113,18+,США,20:50,290
Лео и Тиг. Дорога на Байкал,2026-05-16,2026,65,6+,Россия,09:40,320
Ангелы Ладоги,2026-05-16,2026,,12+,Россия,09:50,320
Ангелы Ладоги,2026-05-16,2026,,12+,Россия,17:05,520
Грузовички,2026-05-16,2026,,6+,Россия,11:10,420
Вверх по волшебному дереву,2026-05-16,2026,110,6+,Великобритания,12:10,420
Семь верст до рассвета,2026-05-16,2026,102,16+,Россия,12:55,420
Семь верст до рассвета,2026-05-16,2026,102,16+,Россия,19:40,520
Грация,2026-05-16,2025,131,18+,Италия,14:30,520
Своя в доску,2026-05-16,2026,90,6+,Россия,15:05,520
Ходячий замок,2026-05-16,2004,119,6+,Япония,17:15,520
Коммерсант,2026-05-16,2025,,18+,Россия,19:25,520
Коммерсант,2026-05-16,2025,,18+,Россия,21:35,520
Шурале,2026-05-16,2025,90,18+,Россия,21:50,520
Ангелы Ладоги,2026-05-16,2026,,12+,Россия,09:50,330
Лео и Тиг. Дорога на Байкал,2026-05-16,2026,65,6+,Россия,10:55,330
Лео и Тиг. Дорога на Байкал,2026-05-16,2026,65,6+,Россия,12:15,440
Семь верст до рассвета,2026-05-16,2026,102,16+,Россия,12:45,440
Ускользающая красота,2026-05-16,1995,118,16+,"Италия, Франция, Великобритания",13:45,440
Полутон,2026-05-16,2025,94,18+,Канада,14:55,540
Вверх по волшебному дереву,2026-05-16,2026,110,6+,Великобритания,16:10,540
Разговор,2026-05-16,1974,113,18+,США,17:00,580
Грация,2026-05-16,2025,131,18+,Италия,18:30,580
Коммерсант,2026-05-16,2025,,18+,Россия,19:25,580
Хокум,2026-05-16,2026,107,18+,"Ирландия, ОАЭ, США",21:10,580
Шурале,2026-05-16,2025,90,18+,Россия,21:30,580
Грузовички,2026-05-16,2026,,6+,Россия,10:00,420
Ангелы Ладоги,2026-05-16,2026,,12+,Россия,10:05,420
Ангелы Ладоги,2026-05-16,2026,,12+,Россия,12:25,470
Ангелы Ладоги,2026-05-16,2026,,12+,Россия,17:00,630
Вот это драма!,2026-05-16,2026,106,18+,США,10:30,420
Вот это драма!,2026-05-16,2026,106,18+,США,14:45,550
Вот это драма!,2026-05-16,2026,106,18+,США,22:00,630
Вверх по волшебному дереву,2026-05-16,2026,110,6+,Великобритания,10:55,420
Домовенок Кузя-2,2026-05-16,2026,90,6+,,11:40,470
Лео и Тиг. Дорога на Байкал,2026-05-16,2026,65,6+,Россия,12:45,470
Лео и Тиг. Дорога на Байкал,2026-05-16,2026,65,6+,Россия,16:15,630
Семь верст до рассвета,2026-05-16,2026,102,16+,Россия,13:10,550
Семь верст до рассвета,2026-05-16,2026,102,16+,Россия,16:55,630
Семь верст до рассвета,2026-05-16,2026,102,16+,Россия,20:55,630
Своя в доску,2026-05-16,2026,90,6+,Россия,13:40,550
Своя в доску,2026-05-16,2026,90,6+,Россия,17:55,630
Коммерсант,2026-05-16,2025,,18+,Россия,14:10,550
Коммерсант,2026-05-16,2025,,18+,Россия,17:45,630
Коммерсант,2026-05-16,2025,,18+,Россия,19:50,630
Возвращение кота,2026-05-16,2002,75,0+,Япония,15:15,630
Ускользающая красота,2026-05-16,1995,118,16+,"Италия, Франция, Великобритания",15:40,630
Приключения желтого чемоданчика,2026-05-16,2026,,6+,Россия,19:00,630
Грация,2026-05-16,2025,131,18+,Италия,19:25,630
Разговор,2026-05-16,1974,113,18+,США,19:55,630
Хокум,2026-05-16,2026,107,18+,"Ирландия, ОАЭ, США",22:05,630
Шурале,2026-05-16,2025,90,18+,Россия,22:15,630
Вот это драма!,2026-05-16,2026,106,18+,США,10:00,350
Вот это драма!,2026-05-16,2026,106,18+,США,15:40,540
Вот это драма!,2026-05-16,2026,106,18+,США,19:55,580
Ангелы Ладоги,2026-05-16,2026,,12+,Россия,10:20,350
Ангелы Ладоги,2026-05-16,2026,,12+,Россия,16:55,540
Ангелы Ладоги,2026-05-16,2026,,12+,Россия,19:15,580
Лео и Тиг. Дорога на Байкал,2026-05-16,2026,65,6+,Россия,10:30,350
Лео и Тиг. Дорога на Байкал,2026-05-16,2026,65,6+,Россия,12:15,420
Лео и Тиг. Дорога на Байкал,2026-05-16,2026,65,6+,Россия,15:25,540
Своя в доску,2026-05-16,2026,90,6+,Россия,10:40,350
Своя в доску,2026-05-16,2026,90,6+,Россия,17:00,580
Семь верст до рассвета,2026-05-16,2026,102,16+,Россия,12:00,420
Семь верст до рассвета,2026-05-16,2026,102,16+,Россия,16:00,540
Семь верст до рассвета,2026-05-16,2026,102,16+,Россия,18:05,580
Моя собака — космонавт,2026-05-16,2025,120,6+,,12:35,420
Грация,2026-05-16,2025,131,18+,Италия,12:40,420
Грация,2026-05-16,2025,131,18+,Италия,21:35,580
Коммерсант,2026-05-16,2025,,18+,Россия,13:35,480
Коммерсант,2026-05-16,2025,,18+,Россия,17:50,580
Коммерсант,2026-05-16,2025,,18+,Россия,22:10,580
Приключения желтого чемоданчика,2026-05-16,2026,,6+,Россия,14:05,480
Вверх по волшебному дереву,2026-05-16,2026,110,6+,Великобритания,14:45,480
Разговор,2026-05-16,1974,113,18+,США,19:00,580
Хокум,2026-05-16,2026,107,18+,"Ирландия, ОАЭ, США",20:10,580
Ускользающая красота,2026-05-16,1995,118,16+,"Италия, Франция, Великобритания",21:20,580
Шурале,2026-05-16,2025,90,18+,Россия,22:15,580
Вот это драма!,2026-05-16,2026,106,18+,США,10:00,420
Вот это драма!,2026-05-16,2026,106,18+,США,13:35,550
Вот это драма!,2026-05-16,2026,106,18+,США,17:50,630
Приключения желтого чемоданчика,2026-05-16,2026,,6+,Россия,10:00,420
Приключения желтого чемоданчика,2026-05-16,2026,,6+,Россия,18:25,630
Семь верст до рассвета,2026-05-16,2026,102,16+,Россия,10:25,420
Семь верст до рассвета,2026-05-16,2026,102,16+,Россия,15:25,630
Семь верст до рассвета,2026-05-16,2026,102,16+,Россия,19:40,630
Своя в доску,2026-05-16,2026,90,6+,Россия,10:25,420
Своя в доску,2026-05-16,2026,90,6+,Россия,17:10,630
Ангелы Ладоги,2026-05-16,2026,,12+,Россия,11:00,470
Ангелы Ладоги,2026-05-16,2026,,12+,Россия,14:50,550
Ангелы Ладоги,2026-05-16,2026,,12+,Россия,19:10,630
Моя собака — космонавт,2026-05-16,2025,120,6+,,11:55,470
Моя собака — космонавт,2026-05-16,2025,120,6+,,16:15,630
Лео и Тиг. Дорога на Байкал,2026-05-16,2026,65,6+,Россия,12:10,470
Лео и Тиг. Дорога на Байкал,2026-05-16,2026,65,6+,Россия,13:20,550
Лео и Тиг. Дорога на Байкал,2026-05-16,2026,65,6+,Россия,14:55,550
Лео и Тиг. Дорога на Байкал,2026-05-16,2026,65,6+,Россия,16:30,630
Ходячий замок,2026-05-16,2004,119,6+,Япония,12:25,470
Грация,2026-05-16,2025,131,18+,Италия,12:35,470
Грация,2026-05-16,2025,131,18+,Италия,20:20,630
Вверх по волшебному дереву,2026-05-16,2026,110,6+,Великобритания,14:10,550
Коммерсант,2026-05-16,2025,,18+,Россия,15:50,630
Коммерсант,2026-05-16,2025,,18+,Россия,20:05,630
Коммерсант,2026-05-16,2025,,18+,Россия,22:05,630
Шепот сердца,2026-05-16,1995,111,16+,Япония,17:30,630
Домовенок Кузя-2,2026-05-16,2026,90,6+,,18:00,630
Разговор,2026-05-16,1974,113,18+,США,20:00,630
Ускользающая красота,2026-05-16,1995,118,16+,"Италия, Франция, Великобритания",21:30,630
Хокум,2026-05-16,2026,107,18+,"Ирландия, ОАЭ, США",21:50,630
Шурале,2026-05-16,2025,90,18+,Россия,22:15,630
Ангелы Ладоги,2026-05-16,2026,,12+,Россия,10:00,470
Ангелы Ладоги,2026-05-16,2026,,12+,Россия,14:30,640
Ангелы Ладоги,2026-05-16,2026,,12+,Россия,19:05,740
Лео и Тиг. Дорога на Байкал,2026-05-16,2026,65,6+,Россия,10:00,470
Лео и Тиг. Дорога на Байкал,2026-05-16,2026,65,6+,Россия,13:40,640
Своя в доску,2026-05-16,2026,90,6+,Россия,10:00,470
Своя в доску,2026-05-16,2026,90,6+,Россия,14:25,640
Своя в доску,2026-05-16,2026,90,6+,Россия,17:20,740
Вверх по волшебному дереву,2026-05-16,2026,110,6+,Великобритания,10:10,470
Вверх по волшебному дереву,2026-05-16,2026,110,6+,Великобритания,12:25,570
Вот это драма!,2026-05-16,2026,106,18+,США,10:50,470
Вот это драма!,2026-05-16,2026,106,18+,США,15:20,740
Вот это драма!,2026-05-16,2026,106,18+,США,19:45,740
Домовенок Кузя-2,2026-05-16,2026,90,6+,,11:35,570
Моя собака — космонавт,2026-05-16,2025,120,6+,,12:10,570
Семь верст до рассвета,2026-05-16,2026,102,16+,Россия,12:30,570
Семь верст до рассвета,2026-05-16,2026,102,16+,Россия,16:55,740
Коммерсант,2026-05-16,2025,,18+,Россия,13:05,640
Коммерсант,2026-05-16,2025,,18+,Россия,17:35,740
Коммерсант,2026-05-16,2025,,18+,Россия,22:05,740
Великая красота,2026-05-16,2013,142,18+,"Италия, Франция",14:40,640
Возвращение кота,2026-05-16,2002,75,0+,Япония,15:15,740
Приключения желтого чемоданчика,2026-05-16,2026,,6+,Россия,16:30,740
TheatreHD: Ноймайер. Стеклянный зверинец,2026-05-16,2024,130,18+,,17:00,800
Небесный замок Лапута,2026-05-16,1986,125,12+,Япония,18:30,740
Грация,2026-05-16,2025,131,18+,Италия,19:20,740
Грация,2026-05-16,2025,131,18+,Италия,21:30,740
Ускользающая красота,2026-05-16,1995,118,16+,"Италия, Франция, Великобритания",19:35,740
На гребне волны,2026-05-16,1991,120,16+,США,21:00,740
Разговор,2026-05-16,1974,113,18+,США,21:55,740
Хокум,2026-05-16,2026,107,18+,"Ирландия, ОАЭ, США",22:00,740
Ангелы Ладоги,2026-05-16,2026,,12+,Россия,10:00,470
Ангелы Ладоги,2026-05-16,2026,,12+,Россия,14:35,640
Ангелы Ладоги,2026-05-16,2026,,12+,Россия,16:55,740
Лео и Тиг. Дорога на Байкал,2026-05-16,2026,65,6+,Россия,10:00,470
Лео и Тиг. Дорога на Байкал,2026-05-16,2026,65,6+,Россия,14:05,640
Своя в доску,2026-05-16,2026,90,6+,Россия,10:00,470
Своя в доску,2026-05-16,2026,90,6+,Россия,15:05,740
Вверх по волшебному дереву,2026-05-16,2026,110,6+,Великобритания,10:40,470
Вверх по волшебному дереву,2026-05-16,2026,110,6+,Великобритания,13:35,640
Коммерсант,2026-05-16,2025,,18+,Россия,11:25,570
Коммерсант,2026-05-16,2025,,18+,Россия,15:45,740
Коммерсант,2026-05-16,2025,,18+,Россия,20:00,740
Коммерсант,2026-05-16,2025,,18+,Россия,22:05,740
Семь верст до рассвета,2026-05-16,2026,102,16+,Россия,12:00,570
Семь верст до рассвета,2026-05-16,2026,102,16+,Россия,15:30,740
Семь верст до рассвета,2026-05-16,2026,102,16+,Россия,19:40,740
Моя собака — космонавт,2026-05-16,2025,120,6+,,12:25,570
Шепот сердца,2026-05-16,1995,111,16+,Япония,12:55,570
Приключения желтого чемоданчика,2026-05-16,2026,,6+,Россия,17:05,740
Хокум,2026-05-16,2026,107,18+,"Ирландия, ОАЭ, США",17:35,740
Вот это драма!,2026-05-16,2026,106,18+,США,17:50,740
Вот это драма!,2026-05-16,2026,106,18+,США,21:45,740
Разговор,2026-05-16,1974,113,18+,США,19:00,740
Грация,2026-05-16,2025,131,18+,Италия,19:15,740
Ускользающая красота,2026-05-16,1995,118,16+,"Италия, Франция, Великобритания",21:20,740
Шурале,2026-05-16,2025,90,18+,Россия,21:55,740
Возвращение кота,2026-05-16,2002,75,0+,Япония,10:00,230
Ждун 2,2026-05-16,2026,,6+,Россия,10:10,280
Лабиринт,2026-05-16,2025,115,16+,Япония,11:40,280
Лео и Тиг. Дорога на Байкал,2026-05-16,2026,65,6+,Россия,12:15,330
Вверх по волшебному дереву,2026-05-16,2026,110,6+,Великобритания,13:45,330
Ускользающая красота,2026-05-16,1995,118,16+,"Италия, Франция, Великобритания",14:00,280
Ангелы Ладоги,2026-05-16,2026,,12+,Россия,16:00,380
Разговор,2026-05-16,1974,113,18+,США,16:15,280
Семь верст до рассвета,2026-05-16,2026,102,16+,Россия,18:15,440
Ходячий замок,2026-05-16,2004,119,6+,Япония,18:30,330
Грация,2026-05-16,2025,131,18+,Италия,20:20,440
На гребне волны,2026-05-16,1991,120,16+,США,20:50,330
Лео и Тиг. Дорога на Байкал,2026-05-16,2026,65,6+,Россия,10:00,330
Вверх по волшебному дереву,2026-05-16,2026,110,6+,Великобритания,10:10,330
Грация,2026-05-16,2025,131,18+,Италия,11:25,380
Грация,2026-05-16,2025,131,18+,Италия,16:10,520
Грация,2026-05-16,2025,131,18+,Италия,18:50,540
Вот это драма!,2026-05-16,2026,106,18+,США,12:25,380
Вот это драма!,2026-05-16,2026,106,18+,США,17:00,540
Вот это драма!,2026-05-16,2026,106,18+,США,21:10,540
Семь верст до рассвета,2026-05-16,2026,102,16+,Россия,14:05,380
Ускользающая красота,2026-05-16,1995,118,16+,"Италия, Франция, Великобритания",14:40,450
Шурале,2026-05-16,2025,90,18+,Россия,19:15,540
На гребне волны,2026-05-16,1991,120,16+,США,21:30,540
Лео и Тиг. Дорога на Байкал,2026-05-16,2026,65,6+,Россия,10:10,280
Ждун 2,2026-05-16,2026,,6+,Россия,10:25,280
Вверх по волшебному дереву,2026-05-16,2026,110,6+,Великобритания,11:40,370
Своя в доску,2026-05-16,2026,90,6+,Россия,12:25,370
5 сантиметров в секунду,2026-05-16,2008,63,12+,Япония,13:50,370
Семь верст до рассвета,2026-05-16,2026,102,16+,Россия,14:25,470
Сад изящных слов,2026-05-16,2013,46,18+,Япония,15:10,470
Унесённые призраками,2026-05-16,2001,125,12+,Япония,16:20,470
Ангелы Ладоги,2026-05-16,2026,,12+,Россия,16:35,470
Коммерсант,2026-05-16,2025,,18+,Россия,18:50,470
Ла-Ла Ленд,2026-05-16,2017,129,16+,США,19:00,470
Падшие ангелы,2026-05-16,,99,18+,Гонконг,21:00,470
Вот это драма!,2026-05-16,2026,106,18+,США,21:25,470
Ведьмина служба доставки,2026-05-16,1989,103,6+,Япония,10:15,250
Лео и Тиг. Дорога на Байкал,2026-05-16,2026,65,6+,Россия,10:45,280
Своя в доску,2026-05-16,2026,90,6+,Россия,12:15,350
На гребне волны,2026-05-16,1991,120,16+,США,12:25,280
Вверх по волшебному дереву,2026-05-16,2026,110,6+,Великобритания,14:20,420
Разговор,2026-05-16,1974,113,18+,США,14:50,320
Ангелы Ладоги,2026-05-16,2026,,12+,Россия,16:35,420
Человек-бензопила. Фильм: История Резе,2026-05-16,2025,99,18+,,17:10,350
Семь верст до рассвета,2026-05-16,2026,102,16+,Россия,19:00,440
Патэма наоборот,2026-05-16,2013,98,12+,Япония,19:20,350
Коммерсант,2026-05-16,2025,,18+,Россия,21:05,440
Чунгкингский экспресс,2026-05-16,1994,98,18+,Гонконг,21:20,350
Грузовички,2026-05-16,2026,,6+,Россия,10:20,390
Лео и Тиг. Дорога на Байкал,2026-05-16,2026,65,6+,Россия,12:00,490
Семь верст до рассвета,2026-05-16,2026,102,16+,Россия,13:25,550
Семь верст до рассвета,2026-05-16,2026,102,16+,Россия,19:50,630
Своя в доску,2026-05-16,2026,90,6+,Россия,15:30,630
Ангелы Ладоги,2026-05-16,2026,,12+,Россия,17:30,630
Грация,2026-05-16,2025,131,18+,Италия,14:00,650
«Питер FM»,2026-05-16,2006,86,12+,Россия,17:00,650
Цинга,2026-05-16,2025,90,18+,,20:00,650
Ангелы Ладоги,2026-05-16,2026,,12+,Россия,18:30,580
Порко Россо,2026-05-16,2008,94,12+,Япония,18:40,380
Разговор,2026-05-16,1974,113,18+,США,20:25,380
Коммерсант,2026-05-16,2025,,18+,Россия,20:40,580
Вот это драма!,2026-05-16,2026,106,18+,США,22:30,580
Полутон,2026-05-16,2025,94,18+,Канада,22:40,380
Разговор,2026-05-16,1974,113,18+,США,19:15,350
Лео и Тиг. Дорога на Байкал,2026-05-17,2026,65,6+,Россия,09:15,280
Мальчик и птица,2026-05-17,2023,125,16+,Япония,10:05,220
Вверх по волшебному дереву,2026-05-17,2026,110,6+,Великобритания,10:40,280
Пролетая над гнездом кукушки,2026-05-17,1975,133,18+,США,12:25,290
Семь верст до рассвета,2026-05-17,2026,102,16+,Россия,12:50,330
Моя собака — космонавт,2026-05-17,2025,120,6+,,14:50,380
Призрак в доспехах,2026-05-17,1995,83,18+,Япония,15:00,290
Олдбой,2026-05-17,2003,120,18+,Южная Корея,16:40,290
Ангелы Ладоги,2026-05-17,2026,,12+,Россия,16:55,380
Чунгкингский экспресс,2026-05-17,1994,98,18+,Гонконг,19:00,290
Коммерсант,2026-05-17,2025,,18+,Россия,19:10,440
Разговор,2026-05-17,1974,113,18+,США,20:55,290
Грация,2026-05-17,2025,131,18+,Италия,21:10,440
Лео и Тиг. Дорога на Байкал,2026-05-17,2026,65,6+,Россия,09:20,280
Моя собака — космонавт,2026-05-17,2025,120,6+,,10:40,280
Рыбка Поньо на утесе,2026-05-17,2009,108,6+,Япония,11:00,280
Ангелы Ладоги,2026-05-17,2026,,12+,Россия,12:45,330
5 сантиметров в секунду,2026-05-17,2008,63,12+,Япония,13:00,280
На гребне волны,2026-05-17,1991,120,16+,США,14:25,280
Семь верст до рассвета,2026-05-17,2026,102,16+,Россия,15:00,380
Патэма наоборот,2026-05-17,2013,98,12+,Япония,16:50,280
TheatreHD: Добрый человек из Сезуана,2026-05-17,2024,184,16+,Россия,17:00,800
Шепот сердца,2026-05-17,1995,111,16+,Япония,18:45,330
Грация,2026-05-17,2025,131,18+,Италия,20:35,440
Разговор,2026-05-17,1974,113,18+,США,20:55,330
Грузовички,2026-05-17,2026,,6+,Россия,09:30,350
Грация,2026-05-17,2025,131,18+,Италия,10:10,350
Грация,2026-05-17,2025,131,18+,Италия,12:50,420
Грация,2026-05-17,2025,131,18+,Италия,15:30,540
Грация,2026-05-17,2025,131,18+,Италия,20:30,580
Лео и Тиг. Дорога на Байкал,2026-05-17,2026,65,6+,Россия,11:10,420
Вверх по волшебному дереву,2026-05-17,2026,110,6+,Великобритания,12:35,420
Коммерсант,2026-05-17,2025,,18+,Россия,14:50,470
Шурале,2026-05-17,2025,90,18+,Россия,17:00,580
Разговор,2026-05-17,1974,113,18+,США,18:10,580
Ускользающая красота,2026-05-17,1995,118,16+,"Италия, Франция, Великобритания",18:55,580
Вот это драма!,2026-05-17,2026,106,18+,США,21:15,580
Лео и Тиг. Дорога на Байкал,2026-05-17,2026,65,6+,Россия,09:30,320
Принцесса Мононоке,2026-05-17,2010,134,12+,Япония,09:45,320
Вверх по волшебному дереву,2026-05-17,2026,110,6+,Великобритания,10:55,320
Коммерсант,2026-05-17,2025,,18+,Россия,12:25,420
Коммерсант,2026-05-17,2025,,18+,Россия,21:50,520
Ангелы Ладоги,2026-05-17,2026,,12+,Россия,13:10,420
Ангелы Ладоги,2026-05-17,2026,,12+,Россия,19:00,520
Шурале,2026-05-17,2025,90,18+,Россия,14:35,520
Семь верст до рассвета,2026-05-17,2026,102,16+,Россия,15:30,520
Семь верст до рассвета,2026-05-17,2026,102,16+,Россия,19:40,520
Унесённые призраками,2026-05-17,2001,125,12+,Япония,16:35,520
Своя в доску,2026-05-17,2026,90,6+,Россия,17:40,520
На гребне волны,2026-05-17,1991,120,16+,США,21:25,520
Лео и Тиг. Дорога на Байкал,2026-05-17,2026,65,6+,Россия,09:30,290
Лео и Тиг. Дорога на Байкал,2026-05-17,2026,65,6+,Россия,15:00,470
Грузовички,2026-05-17,2026,,6+,Россия,09:40,350
Ходячий замок,2026-05-17,2004,119,6+,Япония,10:05,220
Семь верст до рассвета,2026-05-17,2026,102,16+,Россия,10:50,290
Приключения желтого чемоданчика,2026-05-17,2026,,6+,Россия,11:20,440
Унесённые призраками,2026-05-17,2001,125,12+,Япония,12:20,240
Вверх по волшебному дереву,2026-05-17,2026,110,6+,Великобритания,12:50,350
Своя в доску,2026-05-17,2026,90,6+,Россия,13:10,520
На гребне волны,2026-05-17,1991,120,16+,США,14:35,270
Вот это драма!,2026-05-17,2026,106,18+,США,15:10,580
Вот это драма!,2026-05-17,2026,106,18+,США,18:35,470
Ангелы Ладоги,2026-05-17,2026,,12+,Россия,16:20,470
Падшие ангелы,2026-05-17,,99,18+,Гонконг,16:45,290
Коммерсант,2026-05-17,2025,,18+,Россия,17:20,580
Коммерсант,2026-05-17,2025,,18+,Россия,20:50,470
Полутон,2026-05-17,2025,94,18+,Канада,18:45,290
Грация,2026-05-17,2025,131,18+,Италия,19:15,580
Ускользающая красота,2026-05-17,1995,118,16+,"Италия, Франция, Великобритания",20:40,290
Хокум,2026-05-17,2026,107,18+,"Ирландия, ОАЭ, США",21:50,580
На гребне волны,2026-05-17,1991,120,16+,США,09:50,280
Ждун 2,2026-05-17,2026,,6+,Россия,10:45,280
Вверх по волшебному дереву,2026-05-17,2026,110,6+,Великобритания,12:20,370
Лео и Тиг. Дорога на Байкал,2026-05-17,2026,65,6+,Россия,12:50,370
Своя в доску,2026-05-17,2026,90,6+,Россия,14:15,470
Коммерсант,2026-05-17,2025,,18+,Россия,14:35,470
Красавица,2026-05-17,2026,,12+,,16:15,470
Чунгкингский экспресс,2026-05-17,1994,98,18+,Гонконг,16:45,470
Семь верст до рассвета,2026-05-17,2026,102,16+,Россия,18:25,470
Принцесса Мононоке,2026-05-17,2010,134,12+,Япония,18:35,470
Шурале,2026-05-17,2025,90,18+,Россия,20:40,470
"Дом, который построил Джек",2026-05-17,2018,152,18+,"Дания, Франция, Германия, Швеция",21:10,470
Возвращение кота,2026-05-17,2002,75,0+,Япония,09:50,250
Ускользающая красота,2026-05-17,1995,118,16+,"Италия, Франция, Великобритания",11:30,280
Лео и Тиг. Дорога на Байкал,2026-05-17,2026,65,6+,Россия,12:25,350
"Дом, который построил Джек",2026-05-17,2018,152,18+,"Дания, Франция, Германия, Швеция",13:45,280
Своя в доску,2026-05-17,2026,90,6+,Россия,14:00,420
Ангелы Ладоги,2026-05-17,2026,,12+,Россия,16:05,420
Унесённые призраками,2026-05-17,2001,125,12+,Япония,16:35,320
Вверх по волшебному дереву,2026-05-17,2026,110,6+,Великобритания,18:30,440
Разговор,2026-05-17,1974,113,18+,США,19:00,350
Коммерсант,2026-05-17,2025,,18+,Россия,20:40,440
Человек-бензопила. Фильм: История Резе,2026-05-17,2025,99,18+,,21:20,350
Королевство полной луны,2026-05-17,2012,90,12+,США,10:00,650
На гребне волны,2026-05-17,1991,120,16+,США,13:00,650
Грация,2026-05-17,2025,131,18+,Италия,16:00,650
Кин-дза-дза,2026-05-17,1986,135,0+,"СССР, Грузия, Россия",19:00,650
Грузовички,2026-05-17,2026,,6+,Россия,10:00,420
Своя в доску,2026-05-17,2026,90,6+,Россия,10:10,420
Своя в доску,2026-05-17,2026,90,6+,Россия,13:40,550
Своя в доску,2026-05-17,2026,90,6+,Россия,17:40,630
Лео и Тиг. Дорога на Байкал,2026-05-17,2026,65,6+,Россия,10:20,420
Лео и Тиг. Дорога на Байкал,2026-05-17,2026,65,6+,Россия,16:15,630
Семь верст до рассвета,2026-05-17,2026,102,16+,Россия,10:50,420
Семь верст до рассвета,2026-05-17,2026,102,16+,Россия,17:25,630
Семь верст до рассвета,2026-05-17,2026,102,16+,Россия,19:30,630
Приключения желтого чемоданчика,2026-05-17,2026,,6+,Россия,11:45,470
Вот это драма!,2026-05-17,2026,106,18+,США,11:50,470
Вот это драма!,2026-05-17,2026,106,18+,США,16:55,630
Вот это драма!,2026-05-17,2026,106,18+,США,19:50,630
Ангелы Ладоги,2026-05-17,2026,,12+,Россия,12:10,470
Ангелы Ладоги,2026-05-17,2026,,12+,Россия,14:35,550
Ангелы Ладоги,2026-05-17,2026,,12+,Россия,19:10,630
Ведьмина служба доставки,2026-05-17,1989,103,6+,Япония,13:05,550
Коммерсант,2026-05-17,2025,,18+,Россия,14:05,550
Коммерсант,2026-05-17,2025,,18+,Россия,17:45,630
Коммерсант,2026-05-17,2025,,18+,Россия,22:05,630
Моя собака — космонавт,2026-05-17,2025,120,6+,,15:10,630
Домовенок Кузя-2,2026-05-17,2026,90,6+,,15:40,630
Ускользающая красота,2026-05-17,1995,118,16+,"Италия, Франция, Великобритания",19:40,630
Грация,2026-05-17,2025,131,18+,Италия,21:35,630
Хокум,2026-05-17,2026,107,18+,"Ирландия, ОАЭ, США",21:40,630
Разговор,2026-05-17,1974,113,18+,США,21:55,630
Вот это драма!,2026-05-17,2026,106,18+,США,10:00,420
Вот это драма!,2026-05-17,2026,106,18+,США,13:35,550
Вот это драма!,2026-05-17,2026,106,18+,США,17:50,630
Вверх по волшебному дереву,2026-05-17,2026,110,6+,Великобритания,10:00,420
Семь верст до рассвета,2026-05-17,2026,102,16+,Россия,10:15,420
Семь верст до рассвета,2026-05-17,2026,102,16+,Россия,15:10,630
Семь верст до рассвета,2026-05-17,2026,102,16+,Россия,19:40,630
Лео и Тиг. Дорога на Байкал,2026-05-17,2026,65,6+,Россия,10:40,420
Лео и Тиг. Дорога на Байкал,2026-05-17,2026,65,6+,Россия,12:10,470
Лео и Тиг. Дорога на Байкал,2026-05-17,2026,65,6+,Россия,14:40,550
Лео и Тиг. Дорога на Байкал,2026-05-17,2026,65,6+,Россия,16:10,630
Своя в доску,2026-05-17,2026,90,6+,Россия,10:45,420
Своя в доску,2026-05-17,2026,90,6+,Россия,12:55,470
Своя в доску,2026-05-17,2026,90,6+,Россия,17:10,630
Моя собака — космонавт,2026-05-17,2025,120,6+,,12:05,470
Моя собака — космонавт,2026-05-17,2025,120,6+,,16:15,630
Ангелы Ладоги,2026-05-17,2026,,12+,Россия,12:15,470
Ангелы Ладоги,2026-05-17,2026,,12+,Россия,14:50,550
Ангелы Ладоги,2026-05-17,2026,,12+,Россия,19:10,630
Грация,2026-05-17,2025,131,18+,Италия,12:25,470
Грация,2026-05-17,2025,131,18+,Италия,20:20,630
Приключения желтого чемоданчика,2026-05-17,2026,,6+,Россия,14:25,550
Приключения желтого чемоданчика,2026-05-17,2026,,6+,Россия,18:25,630
Коммерсант,2026-05-17,2025,,18+,Россия,15:50,630
Коммерсант,2026-05-17,2025,,18+,Россия,20:05,630
Коммерсант,2026-05-17,2025,,18+,Россия,22:05,630
Сказания Земноморья,2026-05-17,2025,115,12+,Япония,17:25,630
Домовенок Кузя-2,2026-05-17,2026,90,6+,,17:35,630
Шурале,2026-05-17,2025,90,18+,Россия,19:35,630
Ускользающая красота,2026-05-17,1995,118,16+,"Италия, Франция, Великобритания",21:30,630
Разговор,2026-05-17,1974,113,18+,США,21:40,630
Хокум,2026-05-17,2026,107,18+,"Ирландия, ОАЭ, США",21:50,630
Моя собака — космонавт,2026-05-17,2025,120,6+,,10:00,470
Лео и Тиг. Дорога на Байкал,2026-05-17,2026,65,6+,Россия,10:00,470
Лео и Тиг. Дорога на Байкал,2026-05-17,2026,65,6+,Россия,13:40,640
Вверх по волшебному дереву,2026-05-17,2026,110,6+,Великобритания,10:00,470
Вверх по волшебному дереву,2026-05-17,2026,110,6+,Великобритания,14:45,640
Ангелы Ладоги,2026-05-17,2026,,12+,Россия,10:40,470
Ангелы Ладоги,2026-05-17,2026,,12+,Россия,14:25,640
Ангелы Ладоги,2026-05-17,2026,,12+,Россия,16:40,740
Вот это драма!,2026-05-17,2026,106,18+,США,10:50,470
Вот это драма!,2026-05-17,2026,106,18+,США,15:20,740
Вот это драма!,2026-05-17,2026,106,18+,США,19:45,740
Домовенок Кузя-2,2026-05-17,2026,90,6+,,11:40,570
Семь верст до рассвета,2026-05-17,2026,102,16+,Россия,12:10,570
Семь верст до рассвета,2026-05-17,2026,102,16+,Россия,19:10,740
Своя в доску,2026-05-17,2026,90,6+,Россия,12:15,570
Своя в доску,2026-05-17,2026,90,6+,Россия,16:25,740
Своя в доску,2026-05-17,2026,90,6+,Россия,18:30,740
Грузовички,2026-05-17,2026,,6+,Россия,13:00,640
Коммерсант,2026-05-17,2025,,18+,Россия,13:05,640
Коммерсант,2026-05-17,2025,,18+,Россия,17:35,740
Коммерсант,2026-05-17,2025,,18+,Россия,22:05,740
Приключения желтого чемоданчика,2026-05-17,2026,,6+,Россия,14:20,640
Отец,2026-05-17,2026,106,16+,Россия,15:15,740
Великая красота,2026-05-17,2013,142,18+,"Италия, Франция",17:00,740
Патэма наоборот,2026-05-17,2013,98,12+,Япония,17:25,740
Разговор,2026-05-17,1974,113,18+,США,19:25,740
Грация,2026-05-17,2025,131,18+,Италия,19:40,740
Грация,2026-05-17,2025,131,18+,Италия,21:20,740
Сад изящных слов,2026-05-17,2013,46,18+,Япония,20:35,740
Ускользающая красота,2026-05-17,1995,118,16+,"Италия, Франция, Великобритания",21:45,740
Хокум,2026-05-17,2026,107,18+,"Ирландия, ОАЭ, США",21:50,740
Шурале,2026-05-17,2025,90,18+,Россия,22:20,740
Ангелы Ладоги,2026-05-17,2026,,12+,Россия,10:00,470
Ангелы Ладоги,2026-05-17,2026,,12+,Россия,14:35,640
Ангелы Ладоги,2026-05-17,2026,,12+,Россия,16:55,740
Лео и Тиг. Дорога на Байкал,2026-05-17,2026,65,6+,Россия,10:00,470
Лео и Тиг. Дорога на Байкал,2026-05-17,2026,65,6+,Россия,14:00,640
Своя в доску,2026-05-17,2026,90,6+,Россия,10:00,470
Своя в доску,2026-05-17,2026,90,6+,Россия,13:00,640
Вверх по волшебному дереву,2026-05-17,2026,110,6+,Великобритания,10:40,470
Вверх по волшебному дереву,2026-05-17,2026,110,6+,Великобритания,15:30,740
Коммерсант,2026-05-17,2025,,18+,Россия,11:25,570
Коммерсант,2026-05-17,2025,,18+,Россия,15:45,740
Коммерсант,2026-05-17,2025,,18+,Россия,20:00,740
Коммерсант,2026-05-17,2025,,18+,Россия,22:05,740
Семь верст до рассвета,2026-05-17,2026,102,16+,Россия,12:00,570
Семь верст до рассвета,2026-05-17,2026,102,16+,Россия,17:35,740
Моя собака — космонавт,2026-05-17,2025,120,6+,,12:25,570
Вот это драма!,2026-05-17,2026,106,18+,США,13:35,640
Вот это драма!,2026-05-17,2026,106,18+,США,17:50,740
Вот это драма!,2026-05-17,2026,106,18+,США,21:45,740
Приключения желтого чемоданчика,2026-05-17,2026,,6+,Россия,15:05,740
TheatreHD: Зальцбург. Дон Карлос,2026-05-17,2013,255,16+,Австрия,17:00,1100
Грация,2026-05-17,2025,131,18+,Италия,19:15,740
Хокум,2026-05-17,2026,107,18+,"Ирландия, ОАЭ, США",19:45,740
Разговор,2026-05-17,1974,113,18+,США,21:40,740
Ускользающая красота,2026-05-17,1995,118,16+,"Италия, Франция, Великобритания",21:55,740
Лео и Тиг. Дорога на Байкал,2026-05-17,2026,65,6+,Россия,10:00,390
Ждун 2,2026-05-17,2026,,6+,Россия,11:25,490
Своя в доску,2026-05-17,2026,90,6+,Россия,13:25,550
Ангелы Ладоги,2026-05-17,2026,,12+,Россия,15:25,630
Ангелы Ладоги,2026-05-17,2026,,12+,Россия,19:50,630
Семь верст до рассвета,2026-05-17,2026,102,16+,Россия,17:45,630
Лео и Тиг. Дорога на Байкал,2026-05-17,2026,65,6+,Россия,10:00,350
Лео и Тиг. Дорога на Байкал,2026-05-17,2026,65,6+,Россия,12:45,420
Лео и Тиг. Дорога на Байкал,2026-05-17,2026,65,6+,Россия,16:40,540
Возвращение кота,2026-05-17,2002,75,0+,Япония,10:10,350
Семь верст до рассвета,2026-05-17,2026,102,16+,Россия,10:20,350
Семь верст до рассвета,2026-05-17,2026,102,16+,Россия,14:30,480
Семь верст до рассвета,2026-05-17,2026,102,16+,Россия,18:05,580
Ангелы Ладоги,2026-05-17,2026,,12+,Россия,10:25,350
Ангелы Ладоги,2026-05-17,2026,,12+,Россия,14:10,480
Ангелы Ладоги,2026-05-17,2026,,12+,Россия,19:10,580
Коммерсант,2026-05-17,2025,,18+,Россия,11:25,420
Коммерсант,2026-05-17,2025,,18+,Россия,15:40,540
Коммерсант,2026-05-17,2025,,18+,Россия,19:55,580
Своя в доску,2026-05-17,2026,90,6+,Россия,11:50,420
Своя в доску,2026-05-17,2026,90,6+,Россия,15:35,540
Домовенок Кузя-2,2026-05-17,2026,90,6+,,12:30,420
Вот это драма!,2026-05-17,2026,106,18+,США,13:30,480
Вот это драма!,2026-05-17,2026,106,18+,США,17:45,580
Вот это драма!,2026-05-17,2026,106,18+,США,22:00,580
Грузовички,2026-05-17,2026,,6+,Россия,13:50,480
Грация,2026-05-17,2025,131,18+,Италия,16:35,540
Грация,2026-05-17,2025,131,18+,Италия,21:35,580
Вверх по волшебному дереву,2026-05-17,2026,110,6+,Великобритания,17:30,580
Ускользающая красота,2026-05-17,1995,118,16+,"Италия, Франция, Великобритания",19:40,580
Шурале,2026-05-17,2025,90,18+,Россия,20:10,580
Разговор,2026-05-17,1974,113,18+,США,21:55,580
Хокум,2026-05-17,2026,107,18+,"Ирландия, ОАЭ, США",22:05,580
Лео и Тиг. Дорога на Байкал,2026-05-17,2026,65,6+,Россия,10:20,330
Вверх по волшебному дереву,2026-05-17,2026,110,6+,Великобритания,10:40,330
Грация,2026-05-17,2025,131,18+,Италия,11:45,380
Грация,2026-05-17,2025,131,18+,Италия,17:45,540
Грация,2026-05-17,2025,131,18+,Италия,20:25,540
Коммерсант,2026-05-17,2025,,18+,Россия,12:55,380
Разговор,2026-05-17,1974,113,18+,США,14:25,450
Tеатр в кино: Принцесса цирка,2026-05-17,2026,143,18+,Россия,15:00,700
Вот это драма!,2026-05-17,2026,106,18+,США,16:45,520
Вот это драма!,2026-05-17,2026,106,18+,США,21:00,540
Шурале,2026-05-17,2025,90,18+,Россия,19:00,540
«Питер FM»,2026-05-17,2006,86,12+,Россия,10:25,250
«Питер FM»,2026-05-17,2006,86,12+,Россия,20:35,350
Ускользающая красота,2026-05-17,1995,118,16+,"Италия, Франция, Великобритания",12:00,250
Посторонний,2026-05-17,2025,122,18+,,14:10,250
Олдбой,2026-05-17,2003,120,18+,Южная Корея,16:30,350
Чунгкингский экспресс,2026-05-17,1994,98,18+,Гонконг,18:45,350
Лео и Тиг. Дорога на Байкал,2026-05-17,2026,65,6+,Россия,10:45,330
Лео и Тиг. Дорога на Байкал,2026-05-17,2026,65,6+,Россия,14:40,540
Разговор,2026-05-17,1974,113,18+,США,10:55,330
Вверх по волшебному дереву,2026-05-17,2026,110,6+,Великобритания,12:15,440
Семь верст до рассвета,2026-05-17,2026,102,16+,Россия,13:20,440
Возвращение кота,2026-05-17,2002,75,0+,Япония,15:30,540
На гребне волны,2026-05-17,1991,120,16+,США,16:10,540
Коммерсант,2026-05-17,2025,,18+,Россия,17:15,580
Вот это драма!,2026-05-17,2026,106,18+,США,18:30,580
Шурале,2026-05-17,2025,90,18+,Россия,19:20,580
Хокум,2026-05-17,2026,107,18+,"Ирландия, ОАЭ, США",20:50,580
Ждун 2,2026-05-17,2026,,6+,Россия,21:20,580
Коммерсант,2026-05-17,2025,,18+,Россия,18:30,580
Посторонний,2026-05-17,2025,122,18+,,18:40,380
Грация,2026-05-17,2025,131,18+,Италия,20:25,580
Любовное настроение,2026-05-17,2000,98,18+,Гонгконг,21:00,380
Вот это драма!,2026-05-18,2026,106,18+,США,09:05,200
Вот это драма!,2026-05-18,2026,106,18+,США,19:50,330
Ведьмина служба доставки,2026-05-18,1989,103,6+,Япония,09:30,180
Лео и Тиг. Дорога на Байкал,2026-05-18,2026,65,6+,Россия,09:40,180
Семь верст до рассвета,2026-05-18,2026,102,16+,Россия,11:15,250
О моем перерождении в слизь: Слезы Синего моря,2026-05-18,2026,105,16+,,11:35,200
Своя в доску,2026-05-18,2026,90,6+,Россия,13:20,280
"Дом, который построил Джек",2026-05-18,2018,152,18+,"Дания, Франция, Германия, Швеция",13:40,230
Вверх по волшебному дереву,2026-05-18,2026,110,6+,Великобритания,15:15,350
Ангелы Ладоги,2026-05-18,2026,,12+,Россия,15:40,280
Ускользающая красота,2026-05-18,1995,118,16+,"Италия, Франция, Великобритания",16:25,250
Хокум,2026-05-18,2026,107,18+,"Ирландия, ОАЭ, США",17:25,440
Коммерсант,2026-05-18,2025,,18+,Россия,17:55,330
Принцесса Мононоке,2026-05-18,2010,134,12+,Япония,18:35,270
Tеатр в кино: Принцесса цирка,2026-05-18,2026,143,18+,Россия,19:30,700
Разговор,2026-05-18,1974,113,18+,США,21:05,270
Шурале,2026-05-18,2025,90,18+,Россия,22:10,440
Лео и Тиг. Дорога на Байкал,2026-05-18,2026,65,6+,Россия,09:40,190
Разговор,2026-05-18,1974,113,18+,США,10:40,180
Ведьмина служба доставки,2026-05-18,1989,103,6+,Япония,12:50,230
Ускользающая красота,2026-05-18,1995,118,16+,"Италия, Франция, Великобритания",14:50,230
Вверх по волшебному дереву,2026-05-18,2026,110,6+,Великобритания,15:40,340
Патэма наоборот,2026-05-18,2013,98,12+,Япония,17:00,280
Семь верст до рассвета,2026-05-18,2026,102,16+,Россия,17:45,380
Унесённые призраками,2026-05-18,2001,125,12+,Япония,18:50,280
Коммерсант,2026-05-18,2025,,18+,Россия,19:40,380
Посторонний,2026-05-18,2025,122,18+,,21:05,280
Вот это драма!,2026-05-18,2026,106,18+,США,21:30,380
Ускользающая красота,2026-05-18,1995,118,16+,"Италия, Франция, Великобритания",09:50,190
Семь верст до рассвета,2026-05-18,2026,102,16+,Россия,10:55,190
Разговор,2026-05-18,1974,113,18+,США,12:00,250
Ветер крепчает,2026-05-18,2014,126,12+,Япония,14:10,250
Вверх по волшебному дереву,2026-05-18,2026,110,6+,Великобритания,15:15,290
Мальчик и птица,2026-05-18,2023,125,16+,Япония,16:30,250
Ангелы Ладоги,2026-05-18,2026,,12+,Россия,17:25,360
Пролетая над гнездом кукушки,2026-05-18,1975,133,18+,США,18:50,250
Коммерсант,2026-05-18,2025,,18+,Россия,19:40,360
Олдбой,2026-05-18,2003,120,18+,Южная Корея,21:25,250
Шурале,2026-05-18,2025,90,18+,Россия,21:35,360
Отец,2026-05-18,2026,106,16+,Россия,10:00,320
Семь верст до рассвета,2026-05-18,2026,102,16+,Россия,10:05,320
Семь верст до рассвета,2026-05-18,2026,102,16+,Россия,14:00,420
Семь верст до рассвета,2026-05-18,2026,102,16+,Россия,17:40,470
Моя собака — космонавт,2026-05-18,2025,120,6+,,10:15,320
Вверх по волшебному дереву,2026-05-18,2026,110,6+,Великобритания,10:35,320
Домовенок Кузя-2,2026-05-18,2026,90,6+,,12:05,370
Лео и Тиг. Дорога на Байкал,2026-05-18,2026,65,6+,Россия,12:10,370
Своя в доску,2026-05-18,2026,90,6+,Россия,12:20,370
Своя в доску,2026-05-18,2026,90,6+,Россия,16:25,420
Своя в доску,2026-05-18,2026,90,6+,Россия,20:20,470
Ангелы Ладоги,2026-05-18,2026,,12+,Россия,12:50,370
Ангелы Ладоги,2026-05-18,2026,,12+,Россия,15:10,420
Ангелы Ладоги,2026-05-18,2026,,12+,Россия,19:20,470
Коммерсант,2026-05-18,2025,,18+,Россия,13:35,420
Коммерсант,2026-05-18,2025,,18+,Россия,17:45,470
Коммерсант,2026-05-18,2025,,18+,Россия,22:10,470
Разговор,2026-05-18,1974,113,18+,США,14:15,420
Вот это драма!,2026-05-18,2026,106,18+,США,15:35,420
Вот это драма!,2026-05-18,2026,106,18+,США,19:55,470
Возвращение кота,2026-05-18,2002,75,0+,Япония,16:05,420
Приключения желтого чемоданчика,2026-05-18,2026,,6+,Россия,17:30,470
Хокум,2026-05-18,2026,107,18+,"Ирландия, ОАЭ, США",18:20,470
На гребне волны,2026-05-18,1991,120,16+,США,19:40,470
Грация,2026-05-18,2025,131,18+,Италия,21:35,470
Ускользающая красота,2026-05-18,1995,118,16+,"Италия, Франция, Великобритания",21:55,470
Шурале,2026-05-18,2025,90,18+,Россия,22:15,470
Семь верст до рассвета,2026-05-18,2026,102,16+,Россия,10:00,180
Семь верст до рассвета,2026-05-18,2026,102,16+,Россия,13:55,280
Семь верст до рассвета,2026-05-18,2026,102,16+,Россия,19:55,380
Лео и Тиг. Дорога на Байкал,2026-05-18,2026,65,6+,Россия,10:00,180
Вверх по волшебному дереву,2026-05-18,2026,110,6+,Великобритания,11:15,230
Вот это драма!,2026-05-18,2026,106,18+,США,11:25,230
Вот это драма!,2026-05-18,2026,106,18+,США,15:35,330
Вот это драма!,2026-05-18,2026,106,18+,США,19:45,380
Приключения желтого чемоданчика,2026-05-18,2026,,6+,Россия,12:05,230
Грация,2026-05-18,2025,131,18+,Италия,12:35,230
Грация,2026-05-18,2025,131,18+,Италия,21:15,380
Своя в доску,2026-05-18,2026,90,6+,Россия,13:30,280
Своя в доску,2026-05-18,2026,90,6+,Россия,17:30,380
Коммерсант,2026-05-18,2025,,18+,Россия,13:35,280
Коммерсант,2026-05-18,2025,,18+,Россия,17:45,380
Коммерсант,2026-05-18,2025,,18+,Россия,21:55,380
Ангелы Ладоги,2026-05-18,2026,,12+,Россия,15:10,330
Ангелы Ладоги,2026-05-18,2026,,12+,Россия,19:00,380
Ведьмина служба доставки,2026-05-18,1989,103,6+,Япония,15:25,330
Домовенок Кузя-2,2026-05-18,2026,90,6+,,16:05,330
Возвращение кота,2026-05-18,2002,75,0+,Япония,17:25,380
Шурале,2026-05-18,2025,90,18+,Россия,18:00,380
Разговор,2026-05-18,1974,113,18+,США,19:30,380
Ускользающая красота,2026-05-18,1995,118,16+,"Италия, Франция, Великобритания",21:50,380
Хокум,2026-05-18,2026,107,18+,"Ирландия, ОАЭ, США",22:00,380
Лео и Тиг. Дорога на Байкал,2026-05-18,2026,65,6+,Россия,10:00,320
Семь верст до рассвета,2026-05-18,2026,102,16+,Россия,10:00,320
Семь верст до рассвета,2026-05-18,2026,102,16+,Россия,14:25,420
Семь верст до рассвета,2026-05-18,2026,102,16+,Россия,19:10,470
Ангелы Ладоги,2026-05-18,2026,,12+,Россия,10:35,320
Ангелы Ладоги,2026-05-18,2026,,12+,Россия,15:05,420
Ангелы Ладоги,2026-05-18,2026,,12+,Россия,19:30,470
Домовенок Кузя-2,2026-05-18,2026,90,6+,,10:35,320
Домовенок Кузя-2,2026-05-18,2026,90,6+,,16:15,420
Унесённые призраками,2026-05-18,2001,125,12+,Япония,10:40,320
Приключения желтого чемоданчика,2026-05-18,2026,,6+,Россия,11:30,370
Вот это драма!,2026-05-18,2026,106,18+,США,12:10,370
Вот это драма!,2026-05-18,2026,106,18+,США,15:20,420
Вот это драма!,2026-05-18,2026,106,18+,США,19:50,470
Возвращение кота,2026-05-18,2002,75,0+,Япония,12:40,370
Своя в доску,2026-05-18,2026,90,6+,Россия,13:00,420
Своя в доску,2026-05-18,2026,90,6+,Россия,17:30,470
Коммерсант,2026-05-18,2025,,18+,Россия,13:10,420
Коммерсант,2026-05-18,2025,,18+,Россия,17:40,470
Коммерсант,2026-05-18,2025,,18+,Россия,22:05,470
Моя собака — космонавт,2026-05-18,2025,120,6+,,13:25,420
Моя собака — космонавт,2026-05-18,2025,120,6+,,17:55,470
Шурале,2026-05-18,2025,90,18+,Россия,14:15,420
Вверх по волшебному дереву,2026-05-18,2026,110,6+,Великобритания,15:45,420
Грация,2026-05-18,2025,131,18+,Италия,16:30,420
Грация,2026-05-18,2025,131,18+,Италия,21:15,470
Разговор,2026-05-18,1974,113,18+,США,18:15,470
Хокум,2026-05-18,2026,107,18+,"Ирландия, ОАЭ, США",20:05,470
Ускользающая красота,2026-05-18,1995,118,16+,"Италия, Франция, Великобритания",20:40,470
Отец,2026-05-18,2026,106,16+,Россия,22:00,470
Полутон,2026-05-18,2025,94,18+,Канада,22:10,470
Домовенок Кузя-2,2026-05-18,2026,90,6+,,10:00,370
Своя в доску,2026-05-18,2026,90,6+,Россия,10:20,370
Своя в доску,2026-05-18,2026,90,6+,Россия,14:15,470
Своя в доску,2026-05-18,2026,90,6+,Россия,18:05,570
Семь верст до рассвета,2026-05-18,2026,102,16+,Россия,10:25,370
Семь верст до рассвета,2026-05-18,2026,102,16+,Россия,14:40,470
Семь верст до рассвета,2026-05-18,2026,102,16+,Россия,19:00,570
Вот это драма!,2026-05-18,2026,106,18+,США,10:50,370
Вот это драма!,2026-05-18,2026,106,18+,США,15:10,470
Вот это драма!,2026-05-18,2026,106,18+,США,19:30,570
Вверх по волшебному дереву,2026-05-18,2026,110,6+,Великобритания,11:00,420
Вверх по волшебному дереву,2026-05-18,2026,110,6+,Великобритания,13:15,470
Лео и Тиг. Дорога на Байкал,2026-05-18,2026,65,6+,Россия,11:50,420
Лео и Тиг. Дорога на Байкал,2026-05-18,2026,65,6+,Россия,13:20,470
Шурале,2026-05-18,2025,90,18+,Россия,12:20,420
Ангелы Ладоги,2026-05-18,2026,,12+,Россия,12:25,420
Ангелы Ладоги,2026-05-18,2026,,12+,Россия,15:25,470
Ангелы Ладоги,2026-05-18,2026,,12+,Россия,16:40,470
Коммерсант,2026-05-18,2025,,18+,Россия,13:05,470
Коммерсант,2026-05-18,2025,,18+,Россия,17:25,570
Коммерсант,2026-05-18,2025,,18+,Россия,21:45,570
Ждун 2,2026-05-18,2026,,6+,Россия,14:50,470
Приключения желтого чемоданчика,2026-05-18,2026,,6+,Россия,16:15,470
Отец,2026-05-18,2026,106,16+,Россия,16:55,470
Грация,2026-05-18,2025,131,18+,Италия,17:45,570
Грация,2026-05-18,2025,131,18+,Италия,20:25,570
Унесённые призраками,2026-05-18,2001,125,12+,Япония,19:05,570
Разговор,2026-05-18,1974,113,18+,США,20:00,570
Хокум,2026-05-18,2026,107,18+,"Ирландия, ОАЭ, США",21:05,570
Ускользающая красота,2026-05-18,1995,118,16+,"Италия, Франция, Великобритания",21:30,570
Сад изящных слов,2026-05-18,2013,46,18+,Япония,22:10,570
Унесённые призраками,2026-05-18,2001,125,12+,Япония,10:10,190
Вверх по волшебному дереву,2026-05-18,2026,110,6+,Великобритания,12:40,250
Лео и Тиг. Дорога на Байкал,2026-05-18,2026,65,6+,Россия,13:30,250
Порко Россо,2026-05-18,2008,94,12+,Япония,14:50,320
Своя в доску,2026-05-18,2026,90,6+,Россия,15:00,320
Сад изящных слов,2026-05-18,2013,46,18+,Япония,16:45,320
Семь верст до рассвета,2026-05-18,2026,102,16+,Россия,17:00,390
5 сантиметров в секунду,2026-05-18,2008,63,12+,Япония,18:00,390
Ангелы Ладоги,2026-05-18,2026,,12+,Россия,19:05,390
Коммерсант,2026-05-18,2025,,18+,Россия,19:25,390
Вот это драма!,2026-05-18,2026,106,18+,США,21:20,390
Любовное настроение,2026-05-18,2000,98,18+,Гонгконг,21:30,390
Ждун 2,2026-05-18,2026,,6+,Россия,10:10,250
Грация,2026-05-18,2025,131,18+,Италия,10:30,250
Грация,2026-05-18,2025,131,18+,Италия,13:10,330
Грация,2026-05-18,2025,131,18+,Италия,15:50,350
Грация,2026-05-18,2025,131,18+,Италия,20:25,420
Семь верст до рассвета,2026-05-18,2026,102,16+,Россия,12:15,280
Вот это драма!,2026-05-18,2026,106,18+,США,14:25,330
На гребне волны,2026-05-18,1991,120,16+,США,16:40,350
Шурале,2026-05-18,2025,90,18+,Россия,18:30,420
Коммерсант,2026-05-18,2025,,18+,Россия,19:00,420
Ускользающая красота,2026-05-18,1995,118,16+,"Италия, Франция, Великобритания",21:05,420
Лео и Тиг. Дорога на Байкал,2026-05-18,2026,65,6+,Россия,10:10,370
Ангелы Ладоги,2026-05-18,2026,,12+,Россия,10:15,370
Ангелы Ладоги,2026-05-18,2026,,12+,Россия,14:40,470
Ангелы Ладоги,2026-05-18,2026,,12+,Россия,19:10,570
Своя в доску,2026-05-18,2026,90,6+,Россия,10:15,370
Своя в доску,2026-05-18,2026,90,6+,Россия,13:20,470
Своя в доску,2026-05-18,2026,90,6+,Россия,16:55,470
Семь верст до рассвета,2026-05-18,2026,102,16+,Россия,11:15,420
Семь верст до рассвета,2026-05-18,2026,102,16+,Россия,15:20,470
Вверх по волшебному дереву,2026-05-18,2026,110,6+,Великобритания,11:35,420
Вверх по волшебному дереву,2026-05-18,2026,110,6+,Великобритания,17:25,570
Приключения желтого чемоданчика,2026-05-18,2026,,6+,Россия,12:20,420
Ведьмина служба доставки,2026-05-18,1989,103,6+,Япония,12:35,420
Коммерсант,2026-05-18,2025,,18+,Россия,13:50,470
Коммерсант,2026-05-18,2025,,18+,Россия,17:55,570
Коммерсант,2026-05-18,2025,,18+,Россия,22:10,570
Грация,2026-05-18,2025,131,18+,Италия,14:15,470
Грация,2026-05-18,2025,131,18+,Италия,21:30,570
Вот это драма!,2026-05-18,2026,106,18+,США,15:50,470
Вот это драма!,2026-05-18,2026,106,18+,США,20:00,570
Моя собака — космонавт,2026-05-18,2025,120,6+,,17:00,570
Разговор,2026-05-18,1974,113,18+,США,19:00,570
Ходячий замок,2026-05-18,2004,119,6+,Япония,19:40,570
Ускользающая красота,2026-05-18,1995,118,16+,"Италия, Франция, Великобритания",21:20,570
Хокум,2026-05-18,2026,107,18+,"Ирландия, ОАЭ, США",22:05,570
Лео и Тиг. Дорога на Байкал,2026-05-18,2026,65,6+,Россия,10:15,190
Ждун 2,2026-05-18,2026,,6+,Россия,10:35,190
Грузовички,2026-05-18,2026,,6+,Россия,11:45,250
Вверх по волшебному дереву,2026-05-18,2026,110,6+,Великобритания,12:40,250
Ходячий замок,2026-05-18,2004,119,6+,Япония,15:00,320
Грация,2026-05-18,2025,131,18+,Италия,15:55,320
Своя в доску,2026-05-18,2026,90,6+,Россия,17:25,390
Ангелы Ладоги,2026-05-18,2026,,12+,Россия,18:35,390
Семь верст до рассвета,2026-05-18,2026,102,16+,Россия,19:25,390
Коммерсант,2026-05-18,2025,,18+,Россия,20:55,390
Шурале,2026-05-18,2025,90,18+,Россия,21:35,390
Патэма наоборот,2026-05-18,2013,98,12+,Япония,10:25,180
Разговор,2026-05-18,1974,113,18+,США,12:20,230
Ускользающая красота,2026-05-18,1995,118,16+,"Италия, Франция, Великобритания",14:35,230
Шурале,2026-05-18,2025,90,18+,Россия,16:05,270
Возвращение кота,2026-05-18,2002,75,0+,Япония,16:50,230
Вверх по волшебному дереву,2026-05-18,2026,110,6+,Великобритания,18:05,330
Лабиринт,2026-05-18,2025,115,16+,Япония,18:25,270
Ангелы Ладоги,2026-05-18,2026,,12+,Россия,20:20,330
Ходячий замок,2026-05-18,2004,119,6+,Япония,20:45,270
Вот это драма!,2026-05-18,2026,106,18+,США,10:25,220
Вот это драма!,2026-05-18,2026,106,18+,США,16:45,350
Вот это драма!,2026-05-18,2026,106,18+,США,21:05,420
На гребне волны,2026-05-18,1991,120,16+,США,12:35,250
Грация,2026-05-18,2025,131,18+,Италия,13:45,320
Грация,2026-05-18,2025,131,18+,Италия,18:35,420
Шурале,2026-05-18,2025,90,18+,Россия,14:50,320
Семь верст до рассвета,2026-05-18,2026,102,16+,Россия,16:25,350
Коммерсант,2026-05-18,2025,,18+,Россия,19:00,420
Ускользающая красота,2026-05-18,1995,118,16+,"Италия, Франция, Великобритания",21:15,420
Ангелы Ладоги,2026-05-18,2026,,12+,Россия,10:35,230
Коммерсант,2026-05-18,2025,,18+,Россия,10:45,230
Лео и Тиг. Дорога на Байкал,2026-05-18,2026,65,6+,Россия,12:55,270
Лео и Тиг. Дорога на Байкал,2026-05-18,2026,65,6+,Россия,15:15,370
Шурале,2026-05-18,2025,90,18+,Россия,13:10,270
Грация,2026-05-18,2025,131,18+,Италия,14:25,370
Возвращение кота,2026-05-18,2002,75,0+,Япония,16:50,370
Солнце моё,2026-05-18,2023,96,16+,"Великобритания, США",17:00,420
Вот это драма!,2026-05-18,2026,106,18+,США,18:30,420
Вот это драма!,2026-05-18,2026,106,18+,США,21:20,420
Хокум,2026-05-18,2026,107,18+,"Ирландия, ОАЭ, США",19:10,420
Полутон,2026-05-18,2025,94,18+,Канада,20:45,420
На гребне волны,2026-05-18,1991,120,16+,США,10:35,180
Человек-бензопила. Фильм: История Резе,2026-05-18,2025,99,18+,,13:05,230
Разговор,2026-05-18,1974,113,18+,США,15:10,250
Лео и Тиг. Дорога на Байкал,2026-05-18,2026,65,6+,Россия,15:55,290
Своя в доску,2026-05-18,2026,90,6+,Россия,17:20,350
Полутон,2026-05-18,2025,94,18+,Канада,17:30,280
Коммерсант,2026-05-18,2025,,18+,Россия,19:20,350
Ведьмина служба доставки,2026-05-18,1989,103,6+,Япония,19:30,280
Ангелы Ладоги,2026-05-18,2026,,12+,Россия,21:25,350
Патэма наоборот,2026-05-18,2013,98,12+,Япония,21:35,280
Ждун 2,2026-05-18,2026,,6+,Россия,11:15,380
Ангелы Ладоги,2026-05-18,2026,,12+,Россия,13:15,420
Ангелы Ладоги,2026-05-18,2026,,12+,Россия,19:40,480
Своя в доску,2026-05-18,2026,90,6+,Россия,15:35,420
Семь верст до рассвета,2026-05-18,2026,102,16+,Россия,17:35,480
Королевство полной луны,2026-05-18,2012,90,12+,США,13:00,650
Ускользающая красота,2026-05-18,1995,118,16+,"Италия, Франция, Великобритания",16:00,650
Коммерсант,2026-05-18,2025,,18+,Россия,19:00,650
Разговор,2026-05-18,1974,113,18+,США,13:40,250
Посторонний,2026-05-18,2025,122,18+,,15:50,350
Ускользающая красота,2026-05-18,1995,118,16+,"Италия, Франция, Великобритания",18:10,350
Чунгкингский экспресс,2026-05-18,1994,98,18+,Гонконг,20:20,350
Лео и Тиг. Дорога на Байкал,2026-05-19,2026,65,6+,Россия,09:25,200
Разговор,2026-05-19,1974,113,18+,США,10:00,180
Ангелы Ладоги,2026-05-19,2026,,12+,Россия,10:50,200
Ходячий замок,2026-05-19,2004,119,6+,Япония,12:10,200
Вверх по волшебному дереву,2026-05-19,2026,110,6+,Великобритания,13:05,280
Небесный замок Лапута,2026-05-19,1986,125,12+,Япония,14:25,230
Своя в доску,2026-05-19,2026,90,6+,Россия,15:20,350
Вот это драма!,2026-05-19,2026,106,18+,США,15:45,280
Посторонний,2026-05-19,2025,122,18+,,16:40,250
Грация,2026-05-19,2025,131,18+,Италия,17:15,440
Семь верст до рассвета,2026-05-19,2026,102,16+,Россия,17:55,330
На гребне волны,2026-05-19,1991,120,16+,США,19:00,270
Хокум,2026-05-19,2026,107,18+,"Ирландия, ОАЭ, США",19:50,440
Коммерсант,2026-05-19,2025,,18+,Россия,20:00,330
Полутон,2026-05-19,2025,94,18+,Канада,21:10,270
Шурале,2026-05-19,2025,90,18+,Россия,21:55,440
Грузовички,2026-05-19,2026,,6+,Россия,09:35,190
Ждун 2,2026-05-19,2026,,6+,Россия,10:20,190
Вверх по волшебному дереву,2026-05-19,2026,110,6+,Великобритания,11:15,250
Своя в доску,2026-05-19,2026,90,6+,Россия,12:25,250
Ангелы Ладоги,2026-05-19,2026,,12+,Россия,14:30,320
Ангелы Ладоги,2026-05-19,2026,,12+,Россия,19:30,390
Лео и Тиг. Дорога на Байкал,2026-05-19,2026,65,6+,Россия,15:55,320
Унесённые призраками,2026-05-19,2001,125,12+,Япония,16:50,320
Семь верст до рассвета,2026-05-19,2026,102,16+,Россия,17:20,390
Шурале,2026-05-19,2025,90,18+,Россия,19:20,390
На гребне волны,2026-05-19,1991,120,16+,США,21:20,390
Коммерсант,2026-05-19,2025,,18+,Россия,21:50,390
Лео и Тиг. Дорога на Байкал,2026-05-19,2026,65,6+,Россия,09:45,190
Навсикая из Долины ветров,2026-05-19,1984,117,16+,"Япония, США",10:35,180
Ускользающая красота,2026-05-19,1995,118,16+,"Италия, Франция, Великобритания",12:45,230
Вверх по волшебному дереву,2026-05-19,2026,110,6+,Великобритания,13:15,290
Унесённые призраками,2026-05-19,2001,125,12+,Япония,14:55,230
Ангелы Ладоги,2026-05-19,2026,,12+,Россия,15:20,340
Порко Россо,2026-05-19,2008,94,12+,Япония,17:10,280
Вот это драма!,2026-05-19,2026,106,18+,США,17:30,380
Олдбой,2026-05-19,2003,120,18+,Южная Корея,18:55,280
Коммерсант,2026-05-19,2025,,18+,Россия,19:30,380
Разговор,2026-05-19,1974,113,18+,США,21:10,280
Грация,2026-05-19,2025,131,18+,Италия,21:20,380
Лео и Тиг. Дорога на Байкал,2026-05-19,2026,65,6+,Россия,10:00,320
Лео и Тиг. Дорога на Байкал,2026-05-19,2026,65,6+,Россия,13:30,420
Семь верст до рассвета,2026-05-19,2026,102,16+,Россия,10:00,320
Семь верст до рассвета,2026-05-19,2026,102,16+,Россия,14:25,420
Семь верст до рассвета,2026-05-19,2026,102,16+,Россия,19:10,470
Ангелы Ладоги,2026-05-19,2026,,12+,Россия,10:20,320
Ангелы Ладоги,2026-05-19,2026,,12+,Россия,14:50,420
Ангелы Ладоги,2026-05-19,2026,,12+,Россия,19:20,470
Домовенок Кузя-2,2026-05-19,2026,90,6+,,11:10,370
Домовенок Кузя-2,2026-05-19,2026,90,6+,,15:00,420
Коммерсант,2026-05-19,2025,,18+,Россия,11:10,370
Коммерсант,2026-05-19,2025,,18+,Россия,14:55,420
Коммерсант,2026-05-19,2025,,18+,Россия,19:30,470
Коммерсант,2026-05-19,2025,,18+,Россия,21:50,470
Приключения желтого чемоданчика,2026-05-19,2026,,6+,Россия,11:30,370
Вот это драма!,2026-05-19,2026,106,18+,США,12:10,370
Вот это драма!,2026-05-19,2026,106,18+,США,17:10,470
Вот это драма!,2026-05-19,2026,106,18+,США,21:40,470
Своя в доску,2026-05-19,2026,90,6+,Россия,12:45,370
Своя в доску,2026-05-19,2026,90,6+,Россия,17:15,470
Возвращение кота,2026-05-19,2002,75,0+,Япония,13:15,420
Моя собака — космонавт,2026-05-19,2025,120,6+,,13:25,420
Моя собака — космонавт,2026-05-19,2025,120,6+,,17:55,470
Вверх по волшебному дереву,2026-05-19,2026,110,6+,Великобритания,15:45,420
Грация,2026-05-19,2025,131,18+,Италия,16:30,420
Грация,2026-05-19,2025,131,18+,Италия,21:20,470
Шурале,2026-05-19,2025,90,18+,Россия,17:05,470
Ускользающая красота,2026-05-19,1995,118,16+,"Италия, Франция, Великобритания",19:00,470
Хокум,2026-05-19,2026,107,18+,"Ирландия, ОАЭ, США",20:10,470
Разговор,2026-05-19,1974,113,18+,США,21:25,470
Чунгкингский экспресс,2026-05-19,1994,98,18+,Гонконг,10:00,190
Вверх по волшебному дереву,2026-05-19,2026,110,6+,Великобритания,10:20,190
Ветер крепчает,2026-05-19,2014,126,12+,Япония,11:50,250
Шурале,2026-05-19,2025,90,18+,Россия,12:30,240
Пролетая над гнездом кукушки,2026-05-19,1975,133,18+,США,14:10,250
Вот это драма!,2026-05-19,2026,106,18+,США,14:20,290
Грация,2026-05-19,2025,131,18+,Италия,16:30,290
Ходячий замок,2026-05-19,2004,119,6+,Япония,16:50,250
Семь верст до рассвета,2026-05-19,2026,102,16+,Россия,19:00,360
Мой сосед Тоторо,2026-05-19,2008,86,6+,Япония,19:15,250
Коммерсант,2026-05-19,2025,,18+,Россия,21:00,360
2046,2026-05-19,,128,18+,"Китай, Франция, Германия, Гонконг",21:10,250
Вверх по волшебному дереву,2026-05-19,2026,110,6+,Великобритания,10:00,370
Вверх по волшебному дереву,2026-05-19,2026,110,6+,Великобритания,13:25,470
Приключения желтого чемоданчика,2026-05-19,2026,,6+,Россия,10:20,370
Ангелы Ладоги,2026-05-19,2026,,12+,Россия,10:20,370
Ангелы Ладоги,2026-05-19,2026,,12+,Россия,14:40,470
Ангелы Ладоги,2026-05-19,2026,,12+,Россия,19:10,570
Семь верст до рассвета,2026-05-19,2026,102,16+,Россия,11:15,420
Семь верст до рассвета,2026-05-19,2026,102,16+,Россия,17:40,570
Своя в доску,2026-05-19,2026,90,6+,Россия,12:10,420
Своя в доску,2026-05-19,2026,90,6+,Россия,15:40,470
Своя в доску,2026-05-19,2026,90,6+,Россия,19:25,570
Лео и Тиг. Дорога на Байкал,2026-05-19,2026,65,6+,Россия,12:15,420
Мой сосед Тоторо,2026-05-19,2008,86,6+,Япония,12:50,420
Вот это драма!,2026-05-19,2026,106,18+,США,13:35,470
Вот это драма!,2026-05-19,2026,106,18+,США,17:50,570
Вот это драма!,2026-05-19,2026,106,18+,США,22:05,570
Грация,2026-05-19,2025,131,18+,Италия,14:15,470
Грация,2026-05-19,2025,131,18+,Италия,21:30,570
Коммерсант,2026-05-19,2025,,18+,Россия,15:45,470
Коммерсант,2026-05-19,2025,,18+,Россия,20:00,570
Ускользающая красота,2026-05-19,1995,118,16+,"Италия, Франция, Великобритания",16:55,470
Моя собака — космонавт,2026-05-19,2025,120,6+,,17:00,570
Хокум,2026-05-19,2026,107,18+,"Ирландия, ОАЭ, США",19:40,570
Разговор,2026-05-19,1974,113,18+,США,21:25,570
Шурале,2026-05-19,2025,90,18+,Россия,21:45,570
"Дом, который построил Джек",2026-05-19,2018,152,18+,"Дания, Франция, Германия, Швеция",10:00,190
Вверх по волшебному дереву,2026-05-19,2026,110,6+,Великобритания,12:50,250
Красавица,2026-05-19,2026,,12+,,13:25,250
Коммерсант,2026-05-19,2025,,18+,Россия,15:05,320
Лео и Тиг. Дорога на Байкал,2026-05-19,2026,65,6+,Россия,15:35,320
Шурале,2026-05-19,2025,90,18+,Россия,17:00,390
Принцесса Мононоке,2026-05-19,2010,134,12+,Япония,17:10,390
Своя в доску,2026-05-19,2026,90,6+,Россия,18:55,390
Порко Россо,2026-05-19,2008,94,12+,Япония,19:50,390
Ангелы Ладоги,2026-05-19,2026,,12+,Россия,20:55,390
На гребне волны,2026-05-19,1991,120,16+,США,21:45,390
Вверх по волшебному дереву,2026-05-19,2026,110,6+,Великобритания,10:05,220
Вот это драма!,2026-05-19,2026,106,18+,США,10:20,220
Вот это драма!,2026-05-19,2026,106,18+,США,15:00,350
Вот это драма!,2026-05-19,2026,106,18+,США,21:50,420
Грация,2026-05-19,2025,131,18+,Италия,12:20,250
Грация,2026-05-19,2025,131,18+,Италия,16:30,350
Грация,2026-05-19,2025,131,18+,Италия,21:30,420
Шурале,2026-05-19,2025,90,18+,Россия,12:30,250
Коммерсант,2026-05-19,2025,,18+,Россия,14:25,320
На гребне волны,2026-05-19,1991,120,16+,США,17:10,420
Разговор,2026-05-19,1974,113,18+,США,19:10,420
Обсессия,2026-05-19,2025,100,18+,США,19:30,420
Семь верст до рассвета,2026-05-19,2026,102,16+,Россия,10:05,370
Семь верст до рассвета,2026-05-19,2026,102,16+,Россия,14:35,470
Семь верст до рассвета,2026-05-19,2026,102,16+,Россия,19:00,570
Вверх по волшебному дереву,2026-05-19,2026,110,6+,Великобритания,10:40,370
Вверх по волшебному дереву,2026-05-19,2026,110,6+,Великобритания,12:50,420
Вверх по волшебному дереву,2026-05-19,2026,110,6+,Великобритания,17:15,570
Своя в доску,2026-05-19,2026,90,6+,Россия,10:50,370
Своя в доску,2026-05-19,2026,90,6+,Россия,13:15,470
Своя в доску,2026-05-19,2026,90,6+,Россия,17:10,570
Коммерсант,2026-05-19,2025,,18+,Россия,11:00,420
Коммерсант,2026-05-19,2025,,18+,Россия,15:20,470
Коммерсант,2026-05-19,2025,,18+,Россия,19:40,570
Моя собака — космонавт,2026-05-19,2025,120,6+,,11:05,420
Ангелы Ладоги,2026-05-19,2026,,12+,Россия,12:15,420
Ангелы Ладоги,2026-05-19,2026,,12+,Россия,15:00,470
Ангелы Ладоги,2026-05-19,2026,,12+,Россия,16:40,470
Лео и Тиг. Дорога на Байкал,2026-05-19,2026,65,6+,Россия,12:45,420
Лео и Тиг. Дорога на Байкал,2026-05-19,2026,65,6+,Россия,16:20,470
Вот это драма!,2026-05-19,2026,106,18+,США,13:05,470
Вот это драма!,2026-05-19,2026,106,18+,США,17:25,570
Вот это драма!,2026-05-19,2026,106,18+,США,21:50,570
Ждун 2,2026-05-19,2026,,6+,Россия,14:15,470
Приключения желтого чемоданчика,2026-05-19,2026,,6+,Россия,15:15,470
Ускользающая красота,2026-05-19,1995,118,16+,"Италия, Франция, Великобритания",17:45,570
Разговор,2026-05-19,1974,113,18+,США,19:10,570
Великая красота,2026-05-19,2013,142,18+,"Италия, Франция",19:30,570
TheatreHD: Черняков. Юлий Цезарь в Египте,2026-05-19,2025,200,18+,,20:00,1100
Грация,2026-05-19,2025,131,18+,Италия,21:15,570
Хокум,2026-05-19,2026,107,18+,"Ирландия, ОАЭ, США",21:35,570
Шурале,2026-05-19,2025,90,18+,Россия,22:10,570
Ходячий замок,2026-05-19,2004,119,6+,Япония,10:10,180
Семь верст до рассвета,2026-05-19,2026,102,16+,Россия,10:10,180
Семь верст до рассвета,2026-05-19,2026,102,16+,Россия,17:45,380
Лео и Тиг. Дорога на Байкал,2026-05-19,2026,65,6+,Россия,10:10,180
Лео и Тиг. Дорога на Байкал,2026-05-19,2026,65,6+,Россия,12:50,230
Отец,2026-05-19,2026,106,16+,Россия,10:40,180
Коммерсант,2026-05-19,2025,,18+,Россия,11:35,230
Коммерсант,2026-05-19,2025,,18+,Россия,15:45,330
Коммерсант,2026-05-19,2025,,18+,Россия,20:00,380
Грузовички,2026-05-19,2026,,6+,Россия,12:15,230
Ангелы Ладоги,2026-05-19,2026,,12+,Россия,12:35,230
Ангелы Ладоги,2026-05-19,2026,,12+,Россия,16:40,330
Вот это драма!,2026-05-19,2026,106,18+,США,13:35,280
Вот это драма!,2026-05-19,2026,106,18+,США,17:50,380
Вот это драма!,2026-05-19,2026,106,18+,США,22:00,380
Домовенок Кузя-2,2026-05-19,2026,90,6+,,13:55,280
Унесённые призраками,2026-05-19,2001,125,12+,Япония,14:15,280
Своя в доску,2026-05-19,2026,90,6+,Россия,14:55,280
Своя в доску,2026-05-19,2026,90,6+,Россия,19:20,380
Приключения желтого чемоданчика,2026-05-19,2026,,6+,Россия,15:50,330
Вверх по волшебному дереву,2026-05-19,2026,110,6+,Великобритания,17:00,380
Грация,2026-05-19,2025,131,18+,Италия,19:00,380
Грация,2026-05-19,2025,131,18+,Италия,21:35,380
Шепот сердца,2026-05-19,1995,111,16+,Япония,19:50,380
Разговор,2026-05-19,1974,113,18+,США,21:20,380
Хокум,2026-05-19,2026,107,18+,"Ирландия, ОАЭ, США",22:05,380
Ветер крепчает,2026-05-19,2014,126,12+,Япония,10:10,320
Лео и Тиг. Дорога на Байкал,2026-05-19,2026,65,6+,Россия,10:30,320
Лео и Тиг. Дорога на Байкал,2026-05-19,2026,65,6+,Россия,11:55,370
Моя собака — космонавт,2026-05-19,2025,120,6+,,10:35,320
Семь верст до рассвета,2026-05-19,2026,102,16+,Россия,11:00,370
Семь верст до рассвета,2026-05-19,2026,102,16+,Россия,15:25,420
Ангелы Ладоги,2026-05-19,2026,,12+,Россия,12:40,370
Ангелы Ладоги,2026-05-19,2026,,12+,Россия,18:35,470
Ходячий замок,2026-05-19,2004,119,6+,Япония,12:50,370
Вверх по волшебному дереву,2026-05-19,2026,110,6+,Великобритания,13:10,420
Вот это драма!,2026-05-19,2026,106,18+,США,13:20,420
Вот это драма!,2026-05-19,2026,106,18+,США,17:40,470
Приключения желтого чемоданчика,2026-05-19,2026,,6+,Россия,15:00,420
Своя в доску,2026-05-19,2026,90,6+,Россия,15:10,420
Своя в доску,2026-05-19,2026,90,6+,Россия,19:00,470
Коммерсант,2026-05-19,2025,,18+,Россия,15:30,420
Коммерсант,2026-05-19,2025,,18+,Россия,19:55,470
Коммерсант,2026-05-19,2025,,18+,Россия,22:05,470
Возвращение кота,2026-05-19,2002,75,0+,Япония,16:55,420
Шурале,2026-05-19,2025,90,18+,Россия,17:10,470
Патэма наоборот,2026-05-19,2013,98,12+,Япония,17:35,470
Ускользающая красота,2026-05-19,1995,118,16+,"Италия, Франция, Великобритания",19:30,470
Грация,2026-05-19,2025,131,18+,Италия,20:55,470
Разговор,2026-05-19,1974,113,18+,США,21:05,470
Хокум,2026-05-19,2026,107,18+,"Ирландия, ОАЭ, США",21:50,470
Ждун 2,2026-05-19,2026,,6+,Россия,10:10,250
Грация,2026-05-19,2025,131,18+,Италия,10:30,250
Грация,2026-05-19,2025,131,18+,Италия,13:10,330
Грация,2026-05-19,2025,131,18+,Италия,17:45,420
Грация,2026-05-19,2025,131,18+,Италия,20:25,420
Вверх по волшебному дереву,2026-05-19,2026,110,6+,Великобритания,12:15,280
Коммерсант,2026-05-19,2025,,18+,Россия,14:30,330
Шурале,2026-05-19,2025,90,18+,Россия,15:50,350
Вот это драма!,2026-05-19,2026,106,18+,США,16:35,350
Семь верст до рассвета,2026-05-19,2026,102,16+,Россия,18:50,420
Разговор,2026-05-19,1974,113,18+,США,21:00,420
Семь верст до рассвета,2026-05-19,2026,102,16+,Россия,10:30,230
Лео и Тиг. Дорога на Байкал,2026-05-19,2026,65,6+,Россия,13:10,270
Лео и Тиг. Дорога на Байкал,2026-05-19,2026,65,6+,Россия,16:50,370
Хокум,2026-05-19,2026,107,18+,"Ирландия, ОАЭ, США",13:35,270
Шурале,2026-05-19,2025,90,18+,Россия,14:50,370
Вверх по волшебному дереву,2026-05-19,2026,110,6+,Великобритания,15:45,370
Ускользающая красота,2026-05-19,1995,118,16+,"Италия, Франция, Великобритания",18:05,420
Разговор,2026-05-19,1974,113,18+,США,18:20,420
На гребне волны,2026-05-19,1991,120,16+,США,20:25,420
Коммерсант,2026-05-19,2025,,18+,Россия,20:40,420
Ведьмина служба доставки,2026-05-19,1989,103,6+,Япония,10:35,180
Шурале,2026-05-19,2025,90,18+,Россия,10:50,190
Возвращение кота,2026-05-19,2002,75,0+,Япония,12:40,230
Своя в доску,2026-05-19,2026,90,6+,Россия,12:50,240
Человек-бензопила. Фильм: История Резе,2026-05-19,2025,99,18+,,14:20,250
Вверх по волшебному дереву,2026-05-19,2026,110,6+,Великобритания,14:50,290
Чунгкингский экспресс,2026-05-19,1994,98,18+,Гонконг,16:25,250
Семь верст до рассвета,2026-05-19,2026,102,16+,Россия,17:00,350
Ускользающая красота,2026-05-19,1995,118,16+,"Италия, Франция, Великобритания",18:25,280
Вот это драма!,2026-05-19,2026,106,18+,США,19:05,350
Разговор,2026-05-19,1974,113,18+,США,20:45,280
Коммерсант,2026-05-19,2025,,18+,Россия,21:15,350
Ходячий замок,2026-05-19,2004,119,6+,Япония,10:55,180
На гребне волны,2026-05-19,1991,120,16+,США,13:15,230
Рыбка Поньо на утесе,2026-05-19,2009,108,6+,Япония,15:40,230
Лео и Тиг. Дорога на Байкал,2026-05-19,2026,65,6+,Россия,15:55,270
Семь верст до рассвета,2026-05-19,2026,102,16+,Россия,17:20,330
5 сантиметров в секунду,2026-05-19,2008,63,12+,Япония,17:40,270
Патэма наоборот,2026-05-19,2013,98,12+,Япония,19:00,270
Тинторетто: Бунтарь в Венеции,2026-05-19,2019,90,16+,Италия,19:20,300
Разговор,2026-05-19,1974,113,18+,США,20:55,270
Ангелы Ладоги,2026-05-19,2026,,12+,Россия,21:10,330
Ждун 2,2026-05-19,2026,,6+,Россия,11:15,380
Семь верст до рассвета,2026-05-19,2026,102,16+,Россия,13:15,420
Семь верст до рассвета,2026-05-19,2026,102,16+,Россия,19:40,480
Ангелы Ладоги,2026-05-19,2026,,12+,Россия,15:20,420
Своя в доску,2026-05-19,2026,90,6+,Россия,17:40,480
На гребне волны,2026-05-19,1991,120,16+,США,13:00,650
Хокум,2026-05-19,2026,107,18+,"Ирландия, ОАЭ, США",16:00,650
Пока небо смотрит,2026-05-19,2026,75,18+,Россия,19:00,1000
Олдбой,2026-05-19,2003,120,18+,Южная Корея,13:35,250
Сентиментальная ценность,2026-05-19,2025,132,18+,"Норвегия, Германия, Дания, Франция, Швеция, Великобритания",15:50,350
Ускользающая красота,2026-05-19,1995,118,16+,"Италия, Франция, Великобритания",18:20,350
«Питер FM»,2026-05-19,2006,86,12+,Россия,20:30,350
Вверх по волшебному дереву,2026-05-20,2026,110,6+,Великобритания,09:00,190
Посторонний,2026-05-20,2025,122,18+,,10:45,180
Любовное настроение,2026-05-20,2000,98,18+,Гонгконг,13:05,230
Ускользающая красота,2026-05-20,1995,118,16+,"Италия, Франция, Великобритания",14:50,230
Лео и Тиг. Дорога на Байкал,2026-05-20,2026,65,6+,Россия,15:45,340
Патэма наоборот,2026-05-20,2013,98,12+,Япония,17:00,280
Семь верст до рассвета,2026-05-20,2026,102,16+,Россия,17:10,380
Ветер крепчает,2026-05-20,2014,126,12+,Япония,18:50,280
Коммерсант,2026-05-20,2025,,18+,Россия,19:05,380
Шурале,2026-05-20,2025,90,18+,Россия,20:55,380
Полутон,2026-05-20,2025,94,18+,Канада,21:10,280
Лео и Тиг. Дорога на Байкал,2026-05-20,2026,65,6+,Россия,09:30,200
Ускользающая красота,2026-05-20,1995,118,16+,"Италия, Франция, Великобритания",10:25,180
Семь верст до рассвета,2026-05-20,2026,102,16+,Россия,10:55,200
На гребне волны,2026-05-20,1991,120,16+,США,12:35,200
Своя в доску,2026-05-20,2026,90,6+,Россия,13:00,280
Падшие ангелы,2026-05-20,,99,18+,Гонконг,14:45,230
Ангелы Ладоги,2026-05-20,2026,,12+,Россия,14:55,280
Вверх по волшебному дереву,2026-05-20,2026,110,6+,Великобритания,15:45,280
Ведьмина служба доставки,2026-05-20,1989,103,6+,Япония,16:40,250
Хокум,2026-05-20,2026,107,18+,"Ирландия, ОАЭ, США",17:10,440
Коммерсант,2026-05-20,2025,,18+,Россия,18:00,330
Унесённые призраками,2026-05-20,2001,125,12+,Япония,18:40,270
TheatreHD: Зальцбург. Дон Карлос,2026-05-20,2013,255,16+,Австрия,19:15,1100
Вот это драма!,2026-05-20,2026,106,18+,США,20:00,330
Любовное настроение,2026-05-20,2000,98,18+,Гонгконг,20:55,270
Лео и Тиг. Дорога на Байкал,2026-05-20,2026,65,6+,Россия,09:35,190
Лео и Тиг. Дорога на Байкал,2026-05-20,2026,65,6+,Россия,10:50,190
Падшие ангелы,2026-05-20,,99,18+,Гонконг,12:20,250
Своя в доску,2026-05-20,2026,90,6+,Россия,13:45,250
Вверх по волшебному дереву,2026-05-20,2026,110,6+,Великобритания,14:25,320
Любовное настроение,2026-05-20,2000,98,18+,Гонгконг,16:40,320
Коммерсант,2026-05-20,2025,,18+,Россия,18:40,390
Семь верст до рассвета,2026-05-20,2026,102,16+,Россия,20:00,390
5 сантиметров в секунду,2026-05-20,2008,63,12+,Япония,20:45,390
Вверх по волшебному дереву,2026-05-20,2026,110,6+,Великобритания,09:45,190
Ангелы Ладоги,2026-05-20,2026,,12+,Россия,10:00,190
Ангелы Ладоги,2026-05-20,2026,,12+,Россия,19:15,390
Лео и Тиг. Дорога на Байкал,2026-05-20,2026,65,6+,Россия,12:00,250
Своя в доску,2026-05-20,2026,90,6+,Россия,12:20,250
Семь верст до рассвета,2026-05-20,2026,102,16+,Россия,14:20,320
Семь верст до рассвета,2026-05-20,2026,102,16+,Россия,17:40,390
Грузовички,2026-05-20,2026,,6+,Россия,15:55,320
Грация,2026-05-20,2025,131,18+,Италия,16:30,320
Коммерсант,2026-05-20,2025,,18+,Россия,19:45,390
Коммерсант,2026-05-20,2025,,18+,Россия,21:55,390
Шурале,2026-05-20,2025,90,18+,Россия,21:40,390
Семь верст до рассвета,2026-05-20,2026,102,16+,Россия,10:00,320
Семь верст до рассвета,2026-05-20,2026,102,16+,Россия,14:00,420
Семь верст до рассвета,2026-05-20,2026,102,16+,Россия,18:20,470
Ангелы Ладоги,2026-05-20,2026,,12+,Россия,10:05,320
Ангелы Ладоги,2026-05-20,2026,,12+,Россия,14:35,420
Ангелы Ладоги,2026-05-20,2026,,12+,Россия,19:05,470
Грузовички,2026-05-20,2026,,6+,Россия,10:15,320
Своя в доску,2026-05-20,2026,90,6+,Россия,11:20,370
Своя в доску,2026-05-20,2026,90,6+,Россия,15:25,420
Домовенок Кузя-2,2026-05-20,2026,90,6+,,11:55,370
Лео и Тиг. Дорога на Байкал,2026-05-20,2026,65,6+,Россия,12:05,370
Вот это драма!,2026-05-20,2026,106,18+,США,12:25,370
Вот это драма!,2026-05-20,2026,106,18+,США,15:30,420
Вот это драма!,2026-05-20,2026,106,18+,США,19:45,470
Рыбка Поньо на утесе,2026-05-20,2009,108,6+,Япония,13:25,420
Коммерсант,2026-05-20,2025,,18+,Россия,13:30,420
Коммерсант,2026-05-20,2025,,18+,Россия,17:40,470
Коммерсант,2026-05-20,2025,,18+,Россия,22:00,470
Моя собака — космонавт,2026-05-20,2025,120,6+,,16:10,420
Вверх по волшебному дереву,2026-05-20,2026,110,6+,Великобритания,16:55,420
Шурале,2026-05-20,2025,90,18+,Россия,17:25,470
Разговор,2026-05-20,1974,113,18+,США,19:20,470
Ускользающая красота,2026-05-20,1995,118,16+,"Италия, Франция, Великобритания",20:30,470
Грация,2026-05-20,2025,131,18+,Италия,21:25,470
Хокум,2026-05-20,2026,107,18+,"Ирландия, ОАЭ, США",21:45,470
Семь верст до рассвета,2026-05-20,2026,102,16+,Россия,10:00,180
Семь верст до рассвета,2026-05-20,2026,102,16+,Россия,13:55,280
Семь верст до рассвета,2026-05-20,2026,102,16+,Россия,18:05,380
Лео и Тиг. Дорога на Байкал,2026-05-20,2026,65,6+,Россия,10:00,180
Лео и Тиг. Дорога на Байкал,2026-05-20,2026,65,6+,Россия,11:25,230
Вверх по волшебному дереву,2026-05-20,2026,110,6+,Великобритания,10:15,180
Приключения желтого чемоданчика,2026-05-20,2026,,6+,Россия,12:05,230
Мой сосед Тоторо,2026-05-20,2008,86,6+,Япония,12:20,230
Ангелы Ладоги,2026-05-20,2026,,12+,Россия,12:30,230
Ангелы Ладоги,2026-05-20,2026,,12+,Россия,17:10,380
Вот это драма!,2026-05-20,2026,106,18+,США,12:50,230
Вот это драма!,2026-05-20,2026,106,18+,США,15:00,330
Вот это драма!,2026-05-20,2026,106,18+,США,17:55,380
Возвращение кота,2026-05-20,2002,75,0+,Япония,14:10,280
Рыбка Поньо на утесе,2026-05-20,2009,108,6+,Япония,14:55,280
Коммерсант,2026-05-20,2025,,18+,Россия,15:50,330
Коммерсант,2026-05-20,2025,,18+,Россия,20:05,380
Коммерсант,2026-05-20,2025,,18+,Россия,22:10,380
Домовенок Кузя-2,2026-05-20,2026,90,6+,,16:05,330
Своя в доску,2026-05-20,2026,90,6+,Россия,17:00,380
Ускользающая красота,2026-05-20,1995,118,16+,"Италия, Франция, Великобритания",19:00,380
Разговор,2026-05-20,1974,113,18+,США,19:30,380
Хокум,2026-05-20,2026,107,18+,"Ирландия, ОАЭ, США",20:10,380
Грация,2026-05-20,2025,131,18+,Италия,21:20,380
Шурале,2026-05-20,2025,90,18+,Россия,22:15,380
Семь верст до рассвета,2026-05-20,2026,102,16+,Россия,10:00,370
Семь верст до рассвета,2026-05-20,2026,102,16+,Россия,16:25,470
Семь верст до рассвета,2026-05-20,2026,102,16+,Россия,21:40,570
Лео и Тиг. Дорога на Байкал,2026-05-20,2026,65,6+,Россия,10:10,370
Моя собака — космонавт,2026-05-20,2025,120,6+,,10:20,370
Своя в доску,2026-05-20,2026,90,6+,Россия,10:55,370
Своя в доску,2026-05-20,2026,90,6+,Россия,14:25,470
Своя в доску,2026-05-20,2026,90,6+,Россия,17:30,570
Вот это драма!,2026-05-20,2026,106,18+,США,11:30,420
Вот это драма!,2026-05-20,2026,106,18+,США,15:45,470
Вот это драма!,2026-05-20,2026,106,18+,США,20:00,570
Вверх по волшебному дереву,2026-05-20,2026,110,6+,Великобритания,12:10,420
Вверх по волшебному дереву,2026-05-20,2026,110,6+,Великобритания,17:10,570
Ангелы Ладоги,2026-05-20,2026,,12+,Россия,12:30,420
Ангелы Ладоги,2026-05-20,2026,,12+,Россия,14:50,470
Ангелы Ладоги,2026-05-20,2026,,12+,Россия,19:25,570
Грация,2026-05-20,2025,131,18+,Италия,12:55,420
Грация,2026-05-20,2025,131,18+,Италия,20:35,570
Коммерсант,2026-05-20,2025,,18+,Россия,13:40,470
Коммерсант,2026-05-20,2025,,18+,Россия,17:55,570
Коммерсант,2026-05-20,2025,,18+,Россия,22:10,570
Приключения желтого чемоданчика,2026-05-20,2026,,6+,Россия,15:35,470
Хокум,2026-05-20,2026,107,18+,"Ирландия, ОАЭ, США",18:25,570
Арт-лекторий: Хильма аф Клинт. За гранью видимого,2026-05-20,2019,94,18+,,19:30,550
Разговор,2026-05-20,1974,113,18+,США,21:25,570
Ускользающая красота,2026-05-20,1995,118,16+,"Италия, Франция, Великобритания",10:05,180
На гребне волны,2026-05-20,1991,120,16+,США,12:20,230
Патэма наоборот,2026-05-20,2013,98,12+,Япония,14:45,250
Ждун 2,2026-05-20,2026,,6+,Россия,15:50,290
Разговор,2026-05-20,1974,113,18+,США,16:40,250
Своя в доску,2026-05-20,2026,90,6+,Россия,17:50,350
Унесённые призраками,2026-05-20,2001,125,12+,Япония,19:00,280
Коммерсант,2026-05-20,2025,,18+,Россия,19:45,350
Полутон,2026-05-20,2025,94,18+,Канада,21:20,280
Вот это драма!,2026-05-20,2026,106,18+,США,21:50,350
Лео и Тиг. Дорога на Байкал,2026-05-20,2026,65,6+,Россия,10:15,370
Лео и Тиг. Дорога на Байкал,2026-05-20,2026,65,6+,Россия,12:55,420
Семь верст до рассвета,2026-05-20,2026,102,16+,Россия,10:15,370
Семь верст до рассвета,2026-05-20,2026,102,16+,Россия,14:45,470
Семь верст до рассвета,2026-05-20,2026,102,16+,Россия,19:15,570
Возвращение кота,2026-05-20,2002,75,0+,Япония,10:20,370
Унесённые призраками,2026-05-20,2001,125,12+,Япония,10:30,370
Вот это драма!,2026-05-20,2026,106,18+,США,10:50,370
Вот это драма!,2026-05-20,2026,106,18+,США,15:20,470
Вот это драма!,2026-05-20,2026,106,18+,США,19:45,570
Вверх по волшебному дереву,2026-05-20,2026,110,6+,Великобритания,11:45,420
Вверх по волшебному дереву,2026-05-20,2026,110,6+,Великобритания,14:25,470
Вверх по волшебному дереву,2026-05-20,2026,110,6+,Великобритания,16:40,470
Своя в доску,2026-05-20,2026,90,6+,Россия,12:00,420
Своя в доску,2026-05-20,2026,90,6+,Россия,14:05,470
Своя в доску,2026-05-20,2026,90,6+,Россия,18:00,570
Ангелы Ладоги,2026-05-20,2026,,12+,Россия,12:25,420
Ангелы Ладоги,2026-05-20,2026,,12+,Россия,16:55,470
Ангелы Ладоги,2026-05-20,2026,,12+,Россия,19:00,570
Коммерсант,2026-05-20,2025,,18+,Россия,13:15,470
Коммерсант,2026-05-20,2025,,18+,Россия,17:35,570
Коммерсант,2026-05-20,2025,,18+,Россия,22:05,570
Великая красота,2026-05-20,2013,142,18+,"Италия, Франция",14:00,470
Приключения желтого чемоданчика,2026-05-20,2026,,6+,Россия,16:05,470
Небесный замок Лапута,2026-05-20,1986,125,12+,Япония,16:50,470
Ускользающая красота,2026-05-20,1995,118,16+,"Италия, Франция, Великобритания",19:30,570
Разговор,2026-05-20,1974,113,18+,США,20:00,570
Шурале,2026-05-20,2025,90,18+,Россия,21:20,570
Грация,2026-05-20,2025,131,18+,Италия,21:30,570
На гребне волны,2026-05-20,1991,120,16+,США,21:45,570
Хокум,2026-05-20,2026,107,18+,"Ирландия, ОАЭ, США",22:10,570
Ускользающая красота,2026-05-20,1995,118,16+,"Италия, Франция, Великобритания",10:20,180
Рыбка Поньо на утесе,2026-05-20,2009,108,6+,Япония,12:35,230
Возвращение кота,2026-05-20,2002,75,0+,Япония,14:30,230
Моя собака — космонавт,2026-05-20,2025,120,6+,,16:00,270
Разговор,2026-05-20,1974,113,18+,США,16:10,230
Вверх по волшебному дереву,2026-05-20,2026,110,6+,Великобритания,18:15,330
Шепот сердца,2026-05-20,1995,111,16+,Япония,18:25,270
Грация,2026-05-20,2025,131,18+,Италия,20:25,330
Лабиринт,2026-05-20,2025,115,16+,Япония,20:35,270
Грация,2026-05-20,2025,131,18+,Италия,10:20,220
Грация,2026-05-20,2025,131,18+,Италия,13:35,320
Грация,2026-05-20,2025,131,18+,Италия,18:25,420
Грация,2026-05-20,2025,131,18+,Италия,21:05,420
Семь верст до рассвета,2026-05-20,2026,102,16+,Россия,13:00,320
Коммерсант,2026-05-20,2025,,18+,Россия,15:05,350
Вот это драма!,2026-05-20,2026,106,18+,США,16:15,350
Вот это драма!,2026-05-20,2026,106,18+,США,21:25,420
Шурале,2026-05-20,2025,90,18+,Россия,17:10,420
Ускользающая красота,2026-05-20,1995,118,16+,"Италия, Франция, Великобритания",19:05,420
Приключения желтого чемоданчика,2026-05-20,2026,,6+,Россия,10:30,320
Лео и Тиг. Дорога на Байкал,2026-05-20,2026,65,6+,Россия,10:30,320
Лео и Тиг. Дорога на Байкал,2026-05-20,2026,65,6+,Россия,11:55,370
Ангелы Ладоги,2026-05-20,2026,,12+,Россия,10:45,320
Ангелы Ладоги,2026-05-20,2026,,12+,Россия,15:15,420
Ангелы Ладоги,2026-05-20,2026,,12+,Россия,19:40,470
Вот это драма!,2026-05-20,2026,106,18+,США,10:50,320
Вот это драма!,2026-05-20,2026,106,18+,США,15:10,420
Вот это драма!,2026-05-20,2026,106,18+,США,19:50,470
Возвращение кота,2026-05-20,2002,75,0+,Япония,11:15,370
Семь верст до рассвета,2026-05-20,2026,102,16+,Россия,12:25,370
Семь верст до рассвета,2026-05-20,2026,102,16+,Россия,17:15,470
Семь верст до рассвета,2026-05-20,2026,102,16+,Россия,19:20,470
Домовенок Кузя-2,2026-05-20,2026,90,6+,,12:55,370
Домовенок Кузя-2,2026-05-20,2026,90,6+,,17:00,470
Коммерсант,2026-05-20,2025,,18+,Россия,13:00,420
Коммерсант,2026-05-20,2025,,18+,Россия,17:35,470
Коммерсант,2026-05-20,2025,,18+,Россия,22:00,470
Своя в доску,2026-05-20,2026,90,6+,Россия,13:10,420
Своя в доску,2026-05-20,2026,90,6+,Россия,17:40,470
Своя в доску,2026-05-20,2026,90,6+,Россия,22:10,470
Моя собака — космонавт,2026-05-20,2025,120,6+,,13:20,420
Моя собака — космонавт,2026-05-20,2025,120,6+,,17:50,470
Грация,2026-05-20,2025,131,18+,Италия,14:30,420
Грация,2026-05-20,2025,131,18+,Италия,21:30,470
Шурале,2026-05-20,2025,90,18+,Россия,15:00,420
Вверх по волшебному дереву,2026-05-20,2026,110,6+,Великобритания,15:35,420
Ускользающая красота,2026-05-20,1995,118,16+,"Италия, Франция, Великобритания",19:00,470
Шепот сердца,2026-05-20,1995,111,16+,Япония,20:00,470
Разговор,2026-05-20,1974,113,18+,США,21:25,470
Хокум,2026-05-20,2026,107,18+,"Ирландия, ОАЭ, США",22:05,470
Грация,2026-05-20,2025,131,18+,Италия,10:30,250
Грация,2026-05-20,2025,131,18+,Италия,13:10,330
Грация,2026-05-20,2025,131,18+,Италия,15:50,350
Грация,2026-05-20,2025,131,18+,Италия,20:35,420
Грузовички,2026-05-20,2026,,6+,Россия,10:40,250
Вот это драма!,2026-05-20,2026,106,18+,США,12:20,280
Семь верст до рассвета,2026-05-20,2026,102,16+,Россия,14:35,330
На гребне волны,2026-05-20,1991,120,16+,США,16:40,350
Шурале,2026-05-20,2025,90,18+,Россия,18:35,420
Коммерсант,2026-05-20,2025,,18+,Россия,19:00,420
Ускользающая красота,2026-05-20,1995,118,16+,"Италия, Франция, Великобритания",21:10,420
Грация,2026-05-20,2025,131,18+,Италия,10:40,230
Семь верст до рассвета,2026-05-20,2026,102,16+,Россия,10:50,230
Ждун 2,2026-05-20,2026,,6+,Россия,12:55,270
Лео и Тиг. Дорога на Байкал,2026-05-20,2026,65,6+,Россия,13:20,270
Ускользающая красота,2026-05-20,1995,118,16+,"Италия, Франция, Великобритания",14:50,370
Коммерсант,2026-05-20,2025,,18+,Россия,15:00,370
Возвращение кота,2026-05-20,2002,75,0+,Япония,17:00,420
Вот это драма!,2026-05-20,2026,106,18+,США,17:10,420
Шурале,2026-05-20,2025,90,18+,Россия,18:40,420
Tеатр в кино: Принцесса цирка,2026-05-20,2026,143,18+,Россия,19:30,700
Полутон,2026-05-20,2025,94,18+,Канада,20:35,420
Разговор,2026-05-20,1974,113,18+,США,10:40,190
Моя собака — космонавт,2026-05-20,2025,120,6+,,10:50,190
Олдбой,2026-05-20,2003,120,18+,Южная Корея,12:50,250
Призрак в доспехах,2026-05-20,1995,83,18+,Япония,15:10,250
Ангелы Ладоги,2026-05-20,2026,,12+,Россия,15:20,290
Чунгкингский экспресс,2026-05-20,1994,98,18+,Гонконг,16:50,250
Вверх по волшебному дереву,2026-05-20,2026,110,6+,Великобритания,17:35,360
Ходячий замок,2026-05-20,2004,119,6+,Япония,18:40,250
Коммерсант,2026-05-20,2025,,18+,Россия,19:50,360
Мальчик и птица,2026-05-20,2023,125,16+,Япония,21:00,250
Вот это драма!,2026-05-20,2026,106,18+,США,21:45,360
Грузовички,2026-05-20,2026,,6+,Россия,11:10,380
Ангелы Ладоги,2026-05-20,2026,,12+,Россия,12:50,380
Ангелы Ладоги,2026-05-20,2026,,12+,Россия,17:15,480
Семь верст до рассвета,2026-05-20,2026,102,16+,Россия,15:10,420
Своя в доску,2026-05-20,2026,90,6+,Россия,19:35,480
«Питер FM»,2026-05-20,2006,86,12+,Россия,13:35,250
«Питер FM»,2026-05-20,2006,86,12+,Россия,18:20,350
Чунгкингский экспресс,2026-05-20,1994,98,18+,Гонконг,15:15,350
5 сантиметров в секунду,2026-05-20,2008,63,12+,Япония,17:05,350
Разговор,2026-05-20,1974,113,18+,США,20:00,350
Не одна дома 3. Выпускной,2026-05-21,2026,,0+,Россия,10:05,370
Не одна дома 3. Выпускной,2026-05-21,2026,,0+,Россия,13:40,470
Богатыри,2026-05-21,2026,100,6+,Россия,10:30,370
Грязные деньги,2026-05-21,2026,98,0+,"Великобритания, США",12:30,420
Грязные деньги,2026-05-21,2026,98,0+,"Великобритания, США",13:25,470
Грязные деньги,2026-05-21,2026,98,0+,"Великобритания, США",14:40,470
Грязные деньги,2026-05-21,2026,98,0+,"Великобритания, США",15:35,470
Грязные деньги,2026-05-21,2026,98,0+,"Великобритания, США",16:50,470
Грязные деньги,2026-05-21,2026,98,0+,"Великобритания, США",17:45,570
Грязные деньги,2026-05-21,2026,98,0+,"Великобритания, США",19:00,570
Грязные деньги,2026-05-21,2026,98,0+,"Великобритания, США",19:55,570
Грязные деньги,2026-05-21,2026,98,0+,"Великобритания, США",21:15,570
Грязные деньги,2026-05-21,2026,98,0+,"Великобритания, США",22:05,570
Обсессия,2026-05-21,2025,100,18+,США,20:10,570
Обсессия,2026-05-21,2025,100,18+,США,22:10,570
Лео и Тиг. Дорога на Байкал,2026-05-21,2026,65,6+,Россия,10:05,370
Не одна дома 3. Выпускной,2026-05-21,2026,,0+,Россия,10:10,370
Не одна дома 3. Выпускной,2026-05-21,2026,,0+,Россия,13:45,470
Не одна дома 3. Выпускной,2026-05-21,2026,,0+,Россия,15:55,470
Грязные деньги,2026-05-21,2026,98,0+,"Великобритания, США",10:45,370
Грязные деньги,2026-05-21,2026,98,0+,"Великобритания, США",11:35,420
Грязные деньги,2026-05-21,2026,98,0+,"Великобритания, США",12:55,420
Грязные деньги,2026-05-21,2026,98,0+,"Великобритания, США",13:50,470
Грязные деньги,2026-05-21,2026,98,0+,"Великобритания, США",15:05,470
Грязные деньги,2026-05-21,2026,98,0+,"Великобритания, США",16:05,470
Грязные деньги,2026-05-21,2026,98,0+,"Великобритания, США",17:15,570
Грязные деньги,2026-05-21,2026,98,0+,"Великобритания, США",18:20,570
Грязные деньги,2026-05-21,2026,98,0+,"Великобритания, США",19:30,570
Грязные деньги,2026-05-21,2026,98,0+,"Великобритания, США",20:35,570
Грязные деньги,2026-05-21,2026,98,0+,"Великобритания, США",21:45,570
Богатыри,2026-05-21,2026,100,6+,Россия,12:40,420
Богатыри,2026-05-21,2026,100,6+,Россия,14:35,470
Богатыри,2026-05-21,2026,100,6+,Россия,16:30,470
Пока небо смотрит,2026-05-21,2026,75,18+,Россия,18:25,570
Обсессия,2026-05-21,2025,100,18+,США,20:00,570
Обсессия,2026-05-21,2025,100,18+,США,22:05,570
Не одна дома 3. Выпускной,2026-05-21,2026,,0+,Россия,10:10,420
Не одна дома 3. Выпускной,2026-05-21,2026,,0+,Россия,14:05,550
Не одна дома 3. Выпускной,2026-05-21,2026,,0+,Россия,16:20,550
Грязные деньги,2026-05-21,2026,98,0+,"Великобритания, США",11:10,470
Грязные деньги,2026-05-21,2026,98,0+,"Великобритания, США",13:20,550
Грязные деньги,2026-05-21,2026,98,0+,"Великобритания, США",14:40,550
Грязные деньги,2026-05-21,2026,98,0+,"Великобритания, США",15:30,550
Грязные деньги,2026-05-21,2026,98,0+,"Великобритания, США",16:50,550
Грязные деньги,2026-05-21,2026,98,0+,"Великобритания, США",17:40,650
Грязные деньги,2026-05-21,2026,98,0+,"Великобритания, США",19:00,650
Грязные деньги,2026-05-21,2026,98,0+,"Великобритания, США",19:50,650
Грязные деньги,2026-05-21,2026,98,0+,"Великобритания, США",21:10,650
Грязные деньги,2026-05-21,2026,98,0+,"Великобритания, США",22:05,650
Богатыри,2026-05-21,2026,100,6+,Россия,11:25,470
Пока небо смотрит,2026-05-21,2026,75,18+,Россия,18:40,650
Обсессия,2026-05-21,2025,100,18+,США,20:15,650
Обсессия,2026-05-21,2025,100,18+,США,22:15,650
Грязные деньги,2026-05-21,2026,98,0+,"Великобритания, США",10:15,250
Грязные деньги,2026-05-21,2026,98,0+,"Великобритания, США",13:15,330
Грязные деньги,2026-05-21,2026,98,0+,"Великобритания, США",18:05,530
Грязные деньги,2026-05-21,2026,98,0+,"Великобритания, США",20:20,530
Грязные деньги,2026-05-21,2026,98,0+,"Великобритания, США",21:20,530
Лео и Тиг. Дорога на Байкал,2026-05-21,2026,65,6+,Россия,12:25,330
Лео и Тиг. Дорога на Байкал,2026-05-21,2026,65,6+,Россия,15:25,430
Богатыри,2026-05-21,2026,100,6+,Россия,13:55,330
Обсессия,2026-05-21,2025,100,18+,США,15:55,430
Обсессия,2026-05-21,2025,100,18+,США,19:10,530
Вверх по волшебному дереву,2026-05-21,2026,110,6+,Великобритания,16:55,430
Не одна дома 3. Выпускной,2026-05-21,2026,,0+,Россия,10:20,250
Богатыри,2026-05-21,2026,100,6+,Россия,12:10,300
Грязные деньги,2026-05-21,2026,98,0+,"Великобритания, США",12:30,300
Грязные деньги,2026-05-21,2026,98,0+,"Великобритания, США",13:20,350
Грязные деньги,2026-05-21,2026,98,0+,"Великобритания, США",14:40,350
Грязные деньги,2026-05-21,2026,98,0+,"Великобритания, США",15:30,420
Грязные деньги,2026-05-21,2026,98,0+,"Великобритания, США",16:50,420
Грязные деньги,2026-05-21,2026,98,0+,"Великобритания, США",17:40,480
Грязные деньги,2026-05-21,2026,98,0+,"Великобритания, США",19:00,480
Грязные деньги,2026-05-21,2026,98,0+,"Великобритания, США",19:50,480
Грязные деньги,2026-05-21,2026,98,0+,"Великобритания, США",21:10,480
Грязные деньги,2026-05-21,2026,98,0+,"Великобритания, США",22:05,480
TheatreHD: Бесы,2026-05-21,2025,196,18+,,19:30,800
Обсессия,2026-05-21,2025,100,18+,США,20:10,480
Обсессия,2026-05-21,2025,100,18+,США,22:15,480
Не одна дома 3. Выпускной,2026-05-21,2026,,0+,Россия,10:35,420
Не одна дома 3. Выпускной,2026-05-21,2026,,0+,Россия,14:30,550
Грязные деньги,2026-05-21,2026,98,0+,"Великобритания, США",13:00,550
Грязные деньги,2026-05-21,2026,98,0+,"Великобритания, США",13:50,550
Грязные деньги,2026-05-21,2026,98,0+,"Великобритания, США",15:10,550
Грязные деньги,2026-05-21,2026,98,0+,"Великобритания, США",15:55,550
Грязные деньги,2026-05-21,2026,98,0+,"Великобритания, США",17:20,650
Грязные деньги,2026-05-21,2026,98,0+,"Великобритания, США",18:00,650
Грязные деньги,2026-05-21,2026,98,0+,"Великобритания, США",19:30,650
Грязные деньги,2026-05-21,2026,98,0+,"Великобритания, США",20:05,650
Грязные деньги,2026-05-21,2026,98,0+,"Великобритания, США",21:40,650
Грязные деньги,2026-05-21,2026,98,0+,"Великобритания, США",22:10,650
Богатыри,2026-05-21,2026,100,6+,Россия,13:05,550
Богатыри,2026-05-21,2026,100,6+,Россия,15:05,550
Обсессия,2026-05-21,2025,100,18+,США,20:00,650
Обсессия,2026-05-21,2025,100,18+,США,22:05,650
Богатыри,2026-05-21,2026,100,6+,Россия,15:30,380
Не одна дома 3. Выпускной,2026-05-21,2026,,0+,Россия,17:00,580
Грязные деньги,2026-05-21,2026,98,0+,"Великобритания, США",17:20,450
Грязные деньги,2026-05-21,2026,98,0+,"Великобритания, США",19:20,450
Грязные деньги,2026-05-21,2026,98,0+,"Великобритания, США",21:20,450
Обсессия,2026-05-21,2025,100,18+,США,19:10,580
Богатыри,2026-05-21,2026,100,6+,Россия,15:30,370
Грязные деньги,2026-05-21,2026,98,0+,"Великобритания, США",17:25,420
Грязные деньги,2026-05-21,2026,98,0+,"Великобритания, США",19:30,420
Не одна дома 3. Выпускной,2026-05-21,2026,,0+,Россия,16:00,380
Грязные деньги,2026-05-21,2026,98,0+,"Великобритания, США",18:15,470
Грязные деньги,2026-05-21,2026,98,0+,"Великобритания, США",20:30,470
Богатыри,2026-05-21,2026,100,6+,Россия,19:00,470
Обсессия,2026-05-21,2025,100,18+,США,21:00,470
Грязные деньги,2026-05-21,2026,98,0+,"Великобритания, США",19:00,520
Грязные деньги,2026-05-21,2026,98,0+,"Великобритания, США",21:10,520
Обсессия,2026-05-21,2025,100,18+,США,21:25,520
Грязные деньги,2026-05-21,2026,98,0+,"Великобритания, США",19:00,480
Грязные деньги,2026-05-21,2026,98,0+,"Великобритания, США",21:10,480
Обсессия,2026-05-21,2025,100,18+,США,19:30,480
Грязные деньги,2026-05-21,2026,98,0+,"Великобритания, США",19:35,540
Не одна дома 3. Выпускной,2026-05-22,2026,,0+,Россия,10:00,370
Не одна дома 3. Выпускной,2026-05-22,2026,,0+,Россия,12:15,420
Не одна дома 3. Выпускной,2026-05-22,2026,,0+,Россия,15:55,470
Богатыри,2026-05-22,2026,100,6+,Россия,10:00,370
Богатыри,2026-05-22,2026,100,6+,Россия,11:55,420
Богатыри,2026-05-22,2026,100,6+,Россия,13:55,470
Богатыри,2026-05-22,2026,100,6+,Россия,18:10,570
Лео и Тиг. Дорога на Байкал,2026-05-22,2026,65,6+,Россия,10:20,370
Грязные деньги,2026-05-22,2026,98,0+,"Великобритания, США",10:55,370
Грязные деньги,2026-05-22,2026,98,0+,"Великобритания, США",11:50,420
Грязные деньги,2026-05-22,2026,98,0+,"Великобритания, США",13:05,470
Грязные деньги,2026-05-22,2026,98,0+,"Великобритания, США",14:00,470
Грязные деньги,2026-05-22,2026,98,0+,"Великобритания, США",15:15,470
Грязные деньги,2026-05-22,2026,98,0+,"Великобритания, США",16:10,470
Грязные деньги,2026-05-22,2026,98,0+,"Великобритания, США",17:25,570
Грязные деньги,2026-05-22,2026,98,0+,"Великобритания, США",18:20,570
Грязные деньги,2026-05-22,2026,98,0+,"Великобритания, США",19:40,570
Грязные деньги,2026-05-22,2026,98,0+,"Великобритания, США",20:30,570
Грязные деньги,2026-05-22,2026,98,0+,"Великобритания, США",21:50,570
Моя собака — космонавт,2026-05-22,2025,120,6+,,14:30,470
Обсессия,2026-05-22,2025,100,18+,США,20:10,570
Обсессия,2026-05-22,2025,100,18+,США,22:10,570
Пока небо смотрит,2026-05-22,2026,75,18+,Россия,22:35,570
Лео и Тиг. Дорога на Байкал,2026-05-22,2026,65,6+,Россия,10:00,370
Не одна дома 3. Выпускной,2026-05-22,2026,,0+,Россия,10:10,370
Не одна дома 3. Выпускной,2026-05-22,2026,,0+,Россия,12:25,420
Богатыри,2026-05-22,2026,100,6+,Россия,11:25,420
Грязные деньги,2026-05-22,2026,98,0+,"Великобритания, США",12:30,420
Грязные деньги,2026-05-22,2026,98,0+,"Великобритания, США",13:20,470
Грязные деньги,2026-05-22,2026,98,0+,"Великобритания, США",14:40,470
Грязные деньги,2026-05-22,2026,98,0+,"Великобритания, США",15:30,470
Грязные деньги,2026-05-22,2026,98,0+,"Великобритания, США",16:50,470
Грязные деньги,2026-05-22,2026,98,0+,"Великобритания, США",17:40,570
Грязные деньги,2026-05-22,2026,98,0+,"Великобритания, США",19:00,570
Грязные деньги,2026-05-22,2026,98,0+,"Великобритания, США",19:50,570
Грязные деньги,2026-05-22,2026,98,0+,"Великобритания, США",21:10,570
Грязные деньги,2026-05-22,2026,98,0+,"Великобритания, США",22:05,570
Обсессия,2026-05-22,2025,100,18+,США,20:05,570
Обсессия,2026-05-22,2025,100,18+,США,22:10,570
Не одна дома 3. Выпускной,2026-05-22,2026,,0+,Россия,10:05,420
Не одна дома 3. Выпускной,2026-05-22,2026,,0+,Россия,12:15,470
Не одна дома 3. Выпускной,2026-05-22,2026,,0+,Россия,14:30,550
Грязные деньги,2026-05-22,2026,98,0+,"Великобритания, США",12:35,470
Грязные деньги,2026-05-22,2026,98,0+,"Великобритания, США",13:20,550
Грязные деньги,2026-05-22,2026,98,0+,"Великобритания, США",14:40,550
Грязные деньги,2026-05-22,2026,98,0+,"Великобритания, США",15:30,550
Грязные деньги,2026-05-22,2026,98,0+,"Великобритания, США",16:50,550
Грязные деньги,2026-05-22,2026,98,0+,"Великобритания, США",17:40,650
Грязные деньги,2026-05-22,2026,98,0+,"Великобритания, США",19:00,650
Грязные деньги,2026-05-22,2026,98,0+,"Великобритания, США",19:50,650
Грязные деньги,2026-05-22,2026,98,0+,"Великобритания, США",21:10,650
Грязные деньги,2026-05-22,2026,98,0+,"Великобритания, США",22:05,650
Пока небо смотрит,2026-05-22,2026,75,18+,Россия,16:40,550
Богатыри,2026-05-22,2026,100,6+,Россия,18:10,650
Обсессия,2026-05-22,2025,100,18+,США,20:10,650
Обсессия,2026-05-22,2025,100,18+,США,22:15,650
Не одна дома 3. Выпускной,2026-05-22,2026,,0+,Россия,10:20,250
Богатыри,2026-05-22,2026,100,6+,Россия,10:30,250
Грязные деньги,2026-05-22,2026,98,0+,"Великобритания, США",12:30,300
Грязные деньги,2026-05-22,2026,98,0+,"Великобритания, США",13:15,350
Грязные деньги,2026-05-22,2026,98,0+,"Великобритания, США",14:40,350
Грязные деньги,2026-05-22,2026,98,0+,"Великобритания, США",15:25,420
Грязные деньги,2026-05-22,2026,98,0+,"Великобритания, США",16:50,420
Грязные деньги,2026-05-22,2026,98,0+,"Великобритания, США",17:40,480
Грязные деньги,2026-05-22,2026,98,0+,"Великобритания, США",19:00,480
Грязные деньги,2026-05-22,2026,98,0+,"Великобритания, США",19:50,480
Грязные деньги,2026-05-22,2026,98,0+,"Великобритания, США",21:15,480
Грязные деньги,2026-05-22,2026,98,0+,"Великобритания, США",22:05,480
Обсессия,2026-05-22,2025,100,18+,США,19:45,480
Обсессия,2026-05-22,2025,100,18+,США,21:50,480
Приключения желтого чемоданчика,2026-05-22,2026,,6+,Россия,10:20,420
Богатыри,2026-05-22,2026,100,6+,Россия,10:35,420
Грязные деньги,2026-05-22,2026,98,0+,"Великобритания, США",12:35,470
Грязные деньги,2026-05-22,2026,98,0+,"Великобритания, США",13:30,550
Грязные деньги,2026-05-22,2026,98,0+,"Великобритания, США",14:45,550
Грязные деньги,2026-05-22,2026,98,0+,"Великобритания, США",15:40,550
Грязные деньги,2026-05-22,2026,98,0+,"Великобритания, США",16:50,550
Грязные деньги,2026-05-22,2026,98,0+,"Великобритания, США",17:50,650
Грязные деньги,2026-05-22,2026,98,0+,"Великобритания, США",19:00,650
Грязные деньги,2026-05-22,2026,98,0+,"Великобритания, США",20:00,650
Грязные деньги,2026-05-22,2026,98,0+,"Великобритания, США",21:10,650
Грязные деньги,2026-05-22,2026,98,0+,"Великобритания, США",22:10,650
Не одна дома 3. Выпускной,2026-05-22,2026,,0+,Россия,13:15,550
Не одна дома 3. Выпускной,2026-05-22,2026,,0+,Россия,15:35,550
Обсессия,2026-05-22,2025,100,18+,США,20:10,650
Обсессия,2026-05-22,2025,100,18+,США,22:15,650
Богатыри,2026-05-22,2026,100,6+,Россия,12:00,330
Богатыри,2026-05-22,2026,100,6+,Россия,12:50,330
Грация,2026-05-22,2025,131,18+,Италия,13:05,330
Грязные деньги,2026-05-22,2026,98,0+,"Великобритания, США",14:45,430
Грязные деньги,2026-05-22,2026,98,0+,"Великобритания, США",17:15,530
Грязные деньги,2026-05-22,2026,98,0+,"Великобритания, США",19:10,530
Лео и Тиг. Дорога на Байкал,2026-05-22,2026,65,6+,Россия,15:45,430
Обсессия,2026-05-22,2025,100,18+,США,17:00,530
Обсессия,2026-05-22,2025,100,18+,США,21:25,530
Я — Куба,2026-05-22,1964,108,12+,"СССР, Куба, Россия",19:30,530
Ангелы Ладоги,2026-05-22,2026,,12+,Россия,15:20,370
Пока небо смотрит,2026-05-22,2026,75,18+,Россия,19:30,520
Грязные деньги,2026-05-22,2026,98,0+,"Великобритания, США",21:55,540
Королевство полной луны,2026-05-23,2012,90,12+,США,10:00,650
Грация,2026-05-23,2025,131,18+,Италия,13:00,650
Грязные деньги,2026-05-23,2026,98,0+,"Великобритания, США",16:00,650
Грязные деньги,2026-05-23,2026,98,0+,"Великобритания, США",19:00,650
Не одна дома 3. Выпускной,2026-05-23,2026,,0+,Россия,10:00,420
Не одна дома 3. Выпускной,2026-05-23,2026,,0+,Россия,12:10,470
Богатыри,2026-05-23,2026,100,6+,Россия,10:50,420
Грязные деньги,2026-05-23,2026,98,0+,"Великобритания, США",12:50,470
Грязные деньги,2026-05-23,2026,98,0+,"Великобритания, США",13:55,550
Грязные деньги,2026-05-23,2026,98,0+,"Великобритания, США",15:00,630
Грязные деньги,2026-05-23,2026,98,0+,"Великобритания, США",16:05,630
Грязные деньги,2026-05-23,2026,98,0+,"Великобритания, США",17:10,630
Грязные деньги,2026-05-23,2026,98,0+,"Великобритания, США",18:15,630
Грязные деньги,2026-05-23,2026,98,0+,"Великобритания, США",19:20,630
Грязные деньги,2026-05-23,2026,98,0+,"Великобритания, США",20:25,630
Грязные деньги,2026-05-23,2026,98,0+,"Великобритания, США",21:35,630
Грязные деньги,2026-05-23,2026,98,0+,"Великобритания, США",22:10,630
Обсессия,2026-05-23,2025,100,18+,США,20:10,630
Обсессия,2026-05-23,2025,100,18+,США,22:15,630
Не одна дома 3. Выпускной,2026-05-23,2026,,0+,Россия,10:00,470
Не одна дома 3. Выпускной,2026-05-23,2026,,0+,Россия,14:10,640
Богатыри,2026-05-23,2026,100,6+,Россия,12:15,570
Богатыри,2026-05-23,2026,100,6+,Россия,16:20,740
Грязные деньги,2026-05-23,2026,98,0+,"Великобритания, США",12:25,570
Грязные деньги,2026-05-23,2026,98,0+,"Великобритания, США",13:25,640
Грязные деньги,2026-05-23,2026,98,0+,"Великобритания, США",14:30,640
Грязные деньги,2026-05-23,2026,98,0+,"Великобритания, США",15:35,740
Грязные деньги,2026-05-23,2026,98,0+,"Великобритания, США",16:45,740
Грязные деньги,2026-05-23,2026,98,0+,"Великобритания, США",17:45,740
Грязные деньги,2026-05-23,2026,98,0+,"Великобритания, США",19:00,740
Грязные деньги,2026-05-23,2026,98,0+,"Великобритания, США",19:55,740
Грязные деньги,2026-05-23,2026,98,0+,"Великобритания, США",21:15,740
Грязные деньги,2026-05-23,2026,98,0+,"Великобритания, США",22:10,740
Обсессия,2026-05-23,2025,100,18+,США,20:10,740
Обсессия,2026-05-23,2025,100,18+,США,22:15,740
Богатыри,2026-05-23,2026,100,6+,Россия,10:15,420
Не одна дома 3. Выпускной,2026-05-23,2026,,0+,Россия,10:30,420
Не одна дома 3. Выпускной,2026-05-23,2026,,0+,Россия,12:45,470
Грязные деньги,2026-05-23,2026,98,0+,"Великобритания, США",11:15,470
Грязные деньги,2026-05-23,2026,98,0+,"Великобритания, США",12:15,470
Грязные деньги,2026-05-23,2026,98,0+,"Великобритания, США",13:25,550
Грязные деньги,2026-05-23,2026,98,0+,"Великобритания, США",14:25,550
Грязные деньги,2026-05-23,2026,98,0+,"Великобритания, США",15:35,630
Грязные деньги,2026-05-23,2026,98,0+,"Великобритания, США",16:35,630
Грязные деньги,2026-05-23,2026,98,0+,"Великобритания, США",17:45,630
Грязные деньги,2026-05-23,2026,98,0+,"Великобритания, США",18:45,630
Грязные деньги,2026-05-23,2026,98,0+,"Великобритания, США",19:55,630
Грязные деньги,2026-05-23,2026,98,0+,"Великобритания, США",20:55,630
Грязные деньги,2026-05-23,2026,98,0+,"Великобритания, США",22:05,630
Обсессия,2026-05-23,2025,100,18+,США,20:10,630
Обсессия,2026-05-23,2025,100,18+,США,22:10,630
Не одна дома 3. Выпускной,2026-05-23,2026,,0+,Россия,10:20,350
Не одна дома 3. Выпускной,2026-05-23,2026,,0+,Россия,12:35,420
Богатыри,2026-05-23,2026,100,6+,Россия,10:30,350
Грязные деньги,2026-05-23,2026,98,0+,"Великобритания, США",12:30,420
Грязные деньги,2026-05-23,2026,98,0+,"Великобритания, США",13:20,480
Грязные деньги,2026-05-23,2026,98,0+,"Великобритания, США",14:40,480
Грязные деньги,2026-05-23,2026,98,0+,"Великобритания, США",15:30,540
Грязные деньги,2026-05-23,2026,98,0+,"Великобритания, США",16:50,540
Грязные деньги,2026-05-23,2026,98,0+,"Великобритания, США",17:40,580
Грязные деньги,2026-05-23,2026,98,0+,"Великобритания, США",19:00,580
Грязные деньги,2026-05-23,2026,98,0+,"Великобритания, США",19:50,580
Грязные деньги,2026-05-23,2026,98,0+,"Великобритания, США",21:10,580
Грязные деньги,2026-05-23,2026,98,0+,"Великобритания, США",22:05,580
Обсессия,2026-05-23,2025,100,18+,США,20:05,580
Обсессия,2026-05-23,2025,100,18+,США,22:10,580
Киты: Стражи планеты,2026-05-23,2023,82,6+,,10:30,470
Богатыри,2026-05-23,2026,100,6+,Россия,11:35,570
Не одна дома 3. Выпускной,2026-05-23,2026,,0+,Россия,12:10,570
Не одна дома 3. Выпускной,2026-05-23,2026,,0+,Россия,14:25,640
Грязные деньги,2026-05-23,2026,98,0+,"Великобритания, США",13:00,640
Грязные деньги,2026-05-23,2026,98,0+,"Великобритания, США",13:35,640
Грязные деньги,2026-05-23,2026,98,0+,"Великобритания, США",15:10,740
Грязные деньги,2026-05-23,2026,98,0+,"Великобритания, США",15:45,740
Грязные деньги,2026-05-23,2026,98,0+,"Великобритания, США",17:20,740
Грязные деньги,2026-05-23,2026,98,0+,"Великобритания, США",17:50,740
Грязные деньги,2026-05-23,2026,98,0+,"Великобритания, США",19:30,740
Грязные деньги,2026-05-23,2026,98,0+,"Великобритания, США",20:00,740
Грязные деньги,2026-05-23,2026,98,0+,"Великобритания, США",21:40,740
Грязные деньги,2026-05-23,2026,98,0+,"Великобритания, США",22:10,740
Обсессия,2026-05-23,2025,100,18+,США,22:15,740
Лео и Тиг. Дорога на Байкал,2026-05-23,2026,65,6+,Россия,10:40,330
Лео и Тиг. Дорога на Байкал,2026-05-23,2026,65,6+,Россия,15:00,540
Богатыри,2026-05-23,2026,100,6+,Россия,10:50,330
Семь верст до рассвета,2026-05-23,2026,102,16+,Россия,12:10,440
Грязные деньги,2026-05-23,2026,98,0+,"Великобритания, США",12:45,440
Грязные деньги,2026-05-23,2026,98,0+,"Великобритания, США",18:45,580
Грязные деньги,2026-05-23,2026,98,0+,"Великобритания, США",21:00,580
Разговор,2026-05-23,1974,113,18+,США,14:20,540
Обсессия,2026-05-23,2025,100,18+,США,16:30,540
Обсессия,2026-05-23,2025,100,18+,США,21:15,580
Вверх по волшебному дереву,2026-05-23,2026,110,6+,Великобритания,16:40,540
Вот это драма!,2026-05-23,2026,106,18+,США,19:00,580
Шоссе в никуда,2026-05-23,2017,135,18+,"Франция, США",19:15,380
Мой сосед Тоторо,2026-05-24,2008,86,6+,Япония,10:00,650
На гребне волны,2026-05-24,1991,120,16+,США,13:00,650
Грязные деньги,2026-05-24,2026,98,0+,"Великобритания, США",16:00,650
Грязные деньги,2026-05-24,2026,98,0+,"Великобритания, США",19:00,650
Не одна дома 3. Выпускной,2026-05-24,2026,,0+,Россия,10:00,470
Не одна дома 3. Выпускной,2026-05-24,2026,,0+,Россия,14:05,640
Грязные деньги,2026-05-24,2026,98,0+,"Великобритания, США",11:20,570
Грязные деньги,2026-05-24,2026,98,0+,"Великобритания, США",12:40,570
Грязные деньги,2026-05-24,2026,98,0+,"Великобритания, США",13:35,640
Грязные деньги,2026-05-24,2026,98,0+,"Великобритания, США",14:50,640
Грязные деньги,2026-05-24,2026,98,0+,"Великобритания, США",15:50,740
Грязные деньги,2026-05-24,2026,98,0+,"Великобритания, США",17:00,740
Грязные деньги,2026-05-24,2026,98,0+,"Великобритания, США",18:05,740
Грязные деньги,2026-05-24,2026,98,0+,"Великобритания, США",19:10,740
Грязные деньги,2026-05-24,2026,98,0+,"Великобритания, США",20:20,740
Грязные деньги,2026-05-24,2026,98,0+,"Великобритания, США",21:25,740
Богатыри,2026-05-24,2026,100,6+,Россия,12:10,570
Богатыри,2026-05-24,2026,100,6+,Россия,16:15,740
Обсессия,2026-05-24,2025,100,18+,США,20:05,740
Обсессия,2026-05-24,2025,100,18+,США,22:10,740
Пока небо смотрит,2026-05-24,2026,75,18+,Россия,22:35,740
Богатыри,2026-05-24,2026,100,6+,Россия,10:05,420
Не одна дома 3. Выпускной,2026-05-24,2026,,0+,Россия,10:15,420
Не одна дома 3. Выпускной,2026-05-24,2026,,0+,Россия,12:30,470
Не одна дома 3. Выпускной,2026-05-24,2026,,0+,Россия,14:45,550
Грязные деньги,2026-05-24,2026,98,0+,"Великобритания, США",12:05,470
Грязные деньги,2026-05-24,2026,98,0+,"Великобритания, США",13:15,550
Грязные деньги,2026-05-24,2026,98,0+,"Великобритания, США",14:15,550
Грязные деньги,2026-05-24,2026,98,0+,"Великобритания, США",15:25,630
Грязные деньги,2026-05-24,2026,98,0+,"Великобритания, США",16:25,630
Грязные деньги,2026-05-24,2026,98,0+,"Великобритания, США",17:35,630
Грязные деньги,2026-05-24,2026,98,0+,"Великобритания, США",18:35,630
Грязные деньги,2026-05-24,2026,98,0+,"Великобритания, США",19:45,630
Грязные деньги,2026-05-24,2026,98,0+,"Великобритания, США",20:45,630
Грязные деньги,2026-05-24,2026,98,0+,"Великобритания, США",21:55,630
Tеатр в кино: Принцесса цирка,2026-05-24,2026,143,18+,Россия,17:00,700
Обсессия,2026-05-24,2025,100,18+,США,19:50,630
Обсессия,2026-05-24,2025,100,18+,США,22:00,630
Богатыри,2026-05-24,2026,100,6+,Россия,10:15,420
Не одна дома 3. Выпускной,2026-05-24,2026,,0+,Россия,10:30,420
Не одна дома 3. Выпускной,2026-05-24,2026,,0+,Россия,12:45,470
Грязные деньги,2026-05-24,2026,98,0+,"Великобритания, США",11:10,470
Грязные деньги,2026-05-24,2026,98,0+,"Великобритания, США",12:15,470
Грязные деньги,2026-05-24,2026,98,0+,"Великобритания, США",13:20,550
Грязные деньги,2026-05-24,2026,98,0+,"Великобритания, США",14:25,550
Грязные деньги,2026-05-24,2026,98,0+,"Великобритания, США",15:30,630
Грязные деньги,2026-05-24,2026,98,0+,"Великобритания, США",16:35,630
Грязные деньги,2026-05-24,2026,98,0+,"Великобритания, США",17:40,630
Грязные деньги,2026-05-24,2026,98,0+,"Великобритания, США",18:45,630
Грязные деньги,2026-05-24,2026,98,0+,"Великобритания, США",19:50,630
Грязные деньги,2026-05-24,2026,98,0+,"Великобритания, США",20:55,630
Грязные деньги,2026-05-24,2026,98,0+,"Великобритания, США",22:05,630
Обсессия,2026-05-24,2025,100,18+,США,20:05,630
Обсессия,2026-05-24,2025,100,18+,США,22:10,630
Не одна дома 3. Выпускной,2026-05-24,2026,,0+,Россия,10:20,350
Богатыри,2026-05-24,2026,100,6+,Россия,10:30,350
Грязные деньги,2026-05-24,2026,98,0+,"Великобритания, США",12:30,420
Грязные деньги,2026-05-24,2026,98,0+,"Великобритания, США",13:30,480
Грязные деньги,2026-05-24,2026,98,0+,"Великобритания, США",14:40,480
Грязные деньги,2026-05-24,2026,98,0+,"Великобритания, США",15:40,540
Грязные деньги,2026-05-24,2026,98,0+,"Великобритания, США",16:50,540
Грязные деньги,2026-05-24,2026,98,0+,"Великобритания, США",17:50,580
Грязные деньги,2026-05-24,2026,98,0+,"Великобритания, США",19:00,580
Грязные деньги,2026-05-24,2026,98,0+,"Великобритания, США",20:00,580
Грязные деньги,2026-05-24,2026,98,0+,"Великобритания, США",21:10,580
Грязные деньги,2026-05-24,2026,98,0+,"Великобритания, США",22:10,580
Обсессия,2026-05-24,2025,100,18+,США,20:05,580
Обсессия,2026-05-24,2025,100,18+,США,22:05,580
Лео и Тиг. Дорога на Байкал,2026-05-24,2026,65,6+,Россия,10:30,330
Лео и Тиг. Дорога на Байкал,2026-05-24,2026,65,6+,Россия,14:50,540
Грязные деньги,2026-05-24,2026,98,0+,"Великобритания, США",10:40,330
Грязные деньги,2026-05-24,2026,98,0+,"Великобритания, США",14:20,540
Грязные деньги,2026-05-24,2026,98,0+,"Великобритания, США",18:30,580
Грязные деньги,2026-05-24,2026,98,0+,"Великобритания, США",20:45,580
Ангелы Ладоги,2026-05-24,2026,,12+,Россия,12:00,440
Богатыри,2026-05-24,2026,100,6+,Россия,12:50,440
Обсессия,2026-05-24,2025,100,18+,США,16:20,540
Обсессия,2026-05-24,2025,100,18+,США,18:55,580
Обсессия,2026-05-24,2025,100,18+,США,21:05,580
Вверх по волшебному дереву,2026-05-24,2026,110,6+,Великобритания,16:35,540
Не одна дома 3. Выпускной,2026-05-24,2026,,0+,Россия,12:35,570
Не одна дома 3. Выпускной,2026-05-24,2026,,0+,Россия,14:50,640
Грязные деньги,2026-05-24,2026,98,0+,"Великобритания, США",12:35,570
Грязные деньги,2026-05-24,2026,98,0+,"Великобритания, США",13:30,640
Грязные деньги,2026-05-24,2026,98,0+,"Великобритания, США",14:45,640
Грязные деньги,2026-05-24,2026,98,0+,"Великобритания, США",15:40,740
Грязные деньги,2026-05-24,2026,98,0+,"Великобритания, США",16:50,740
Грязные деньги,2026-05-24,2026,98,0+,"Великобритания, США",17:50,740
Грязные деньги,2026-05-24,2026,98,0+,"Великобритания, США",19:00,740
Грязные деньги,2026-05-24,2026,98,0+,"Великобритания, США",20:00,740
Грязные деньги,2026-05-24,2026,98,0+,"Великобритания, США",21:10,740
Грязные деньги,2026-05-24,2026,98,0+,"Великобритания, США",22:10,740
Богатыри,2026-05-24,2026,100,6+,Россия,14:00,640
Богатыри,2026-05-24,2026,100,6+,Россия,16:00,740
Театр в кино: Я — Сергей Образцов,2026-05-24,,85,16+,,17:00,700
Обсессия,2026-05-24,2025,100,18+,США,20:10,740
Обсессия,2026-05-24,2025,100,18+,США,22:15,740
TheatreHD: Зальцбург. Дон Карлос,2026-05-24,2013,255,16+,Австрия,15:00,1100
TheatreHD: Зальцбург. Дон Карлос,2026-05-24,2013,255,16+,Австрия,17:00,1100
Моя собака — космонавт,2026-05-25,2025,120,6+,,10:00,320
Моя собака — космонавт,2026-05-25,2025,120,6+,,10:20,370
Королевство полной луны,2026-05-25,2012,90,12+,США,13:00,650
Грязные деньги,2026-05-25,2026,98,0+,"Великобритания, США",16:00,650
Грязные деньги,2026-05-25,2026,98,0+,"Великобритания, США",19:00,650
Приключения желтого чемоданчика,2026-05-25,2026,,6+,Россия,15:30,340
TheatreHD: Венская опера. Саломея,2026-05-25,2023,109,18+,,19:30,1100
Обсессия,2026-05-25,2025,100,18+,США,20:00,570
Мой сосед Тоторо,2026-05-26,2008,86,6+,Япония,13:00,650
Кофе и сигареты,2026-05-26,2003,96,16+,США,16:00,650
Грязные деньги,2026-05-26,2026,98,0+,"Великобритания, США",19:00,650
Караваджо: Душа и кровь,2026-05-26,2018,94,16+,Италия,19:20,300
Театр в кино: Шурале,2026-05-26,2025,90,6+,,19:30,700
Солнце моё,2026-05-26,2023,96,16+,"Великобритания, США",19:30,420
Арт-лекторий: Мунк в аду,2026-05-26,2025,75,18+,,20:00,550
Разговор,2026-05-27,1974,113,18+,США,13:00,650
Хэппи-энд,2026-05-27,2017,107,18+,"Франция, Австрия, Германия",16:00,650
Грязные деньги,2026-05-27,2026,98,0+,"Великобритания, США",19:00,650
TheatreHD: Оперный фестиваль Россини. Моисей и фараон,2026-05-27,2021,222,16+,Италия,19:00,1100
Воспоминания об убийстве,2026-05-27,2003,131,18+,Южная Корея,19:30,380
Бернини,2026-05-27,2018,87,12+,Италия,19:30,550
Театр в кино: Вишневый сад,2026-05-27,2024,140,16+,Россия,19:30,800
Майкл,2026-05-28,2026,120,16+,"США, Великобритания",11:15,420
Майкл,2026-05-28,2026,120,16+,"США, Великобритания",13:50,470
Майкл,2026-05-28,2026,120,16+,"США, Великобритания",16:25,470
Майкл,2026-05-28,2026,120,16+,"США, Великобритания",19:00,570
Майкл,2026-05-28,2026,120,16+,"США, Великобритания",21:25,570
Пропасть,2026-05-28,2026,,18+,,20:30,570
Майкл,2026-05-28,2026,120,16+,"США, Великобритания",11:25,300
Майкл,2026-05-28,2026,120,16+,"США, Великобритания",14:00,350
Майкл,2026-05-28,2026,120,16+,"США, Великобритания",16:30,420
Майкл,2026-05-28,2026,120,16+,"США, Великобритания",19:00,480
Майкл,2026-05-28,2026,120,16+,"США, Великобритания",21:25,480
Пропасть,2026-05-28,2026,,18+,,20:40,480
Майкл,2026-05-28,2026,120,16+,"США, Великобритания",11:30,420
Майкл,2026-05-28,2026,120,16+,"США, Великобритания",14:05,470
Майкл,2026-05-28,2026,120,16+,"США, Великобритания",16:35,470
Майкл,2026-05-28,2026,120,16+,"США, Великобритания",19:10,570
Майкл,2026-05-28,2026,120,16+,"США, Великобритания",21:30,570
Пропасть,2026-05-28,2026,,18+,,20:45,570
Мой сосед Тоторо,2026-05-28,2008,86,6+,Япония,13:00,650
Майкл,2026-05-28,2026,120,16+,"США, Великобритания",16:00,650
Майкл,2026-05-28,2026,120,16+,"США, Великобритания",19:00,650
Майкл,2026-05-28,2026,120,16+,"США, Великобритания",14:00,550
Майкл,2026-05-28,2026,120,16+,"США, Великобритания",16:30,550
Майкл,2026-05-28,2026,120,16+,"США, Великобритания",19:00,650
Майкл,2026-05-28,2026,120,16+,"США, Великобритания",20:40,650
Майкл,2026-05-28,2026,120,16+,"США, Великобритания",21:30,650
Пропасть,2026-05-28,2026,,18+,,20:00,650
Майкл,2026-05-28,2026,120,16+,"США, Великобритания",14:15,550
Майкл,2026-05-28,2026,120,16+,"США, Великобритания",16:50,550
Майкл,2026-05-28,2026,120,16+,"США, Великобритания",19:20,650
Майкл,2026-05-28,2026,120,16+,"США, Великобритания",21:45,650
Пропасть,2026-05-28,2026,,18+,,20:40,650
Майкл,2026-05-28,2026,120,16+,"США, Великобритания",16:45,460
Майкл,2026-05-28,2026,120,16+,"США, Великобритания",19:10,540
Майкл,2026-05-28,2026,120,16+,"США, Великобритания",21:35,540
Пропасть,2026-05-28,2026,,18+,,17:20,580
Майкл,2026-05-28,2026,120,16+,"США, Великобритания",18:15,450
Майкл,2026-05-28,2026,120,16+,"США, Великобритания",19:10,580
Майкл,2026-05-28,2026,120,16+,"США, Великобритания",20:40,450
Майкл,2026-05-28,2026,120,16+,"США, Великобритания",21:40,580
Пропасть,2026-05-28,2026,,18+,,18:00,530
Майкл,2026-05-28,2026,120,16+,"США, Великобритания",18:25,530
Майкл,2026-05-28,2026,120,16+,"США, Великобритания",20:00,530
Майкл,2026-05-28,2026,120,16+,"США, Великобритания",21:05,530
Майкл,2026-05-28,2026,120,16+,"США, Великобритания",18:10,520
Майкл,2026-05-28,2026,120,16+,"США, Великобритания",20:45,520
Майкл,2026-05-28,2026,120,16+,"США, Великобритания",19:00,470
Пропасть,2026-05-28,2026,,18+,,19:15,470
Майкл,2026-05-28,2026,120,16+,"США, Великобритания",19:00,480
Майкл,2026-05-28,2026,120,16+,"США, Великобритания",21:35,480
Майкл,2026-05-28,2026,120,16+,"США, Великобритания",19:10,470
Майкл,2026-05-28,2026,120,16+,"США, Великобритания",21:00,470
Майкл,2026-05-28,2026,120,16+,"США, Великобритания",19:20,420
Майкл,2026-05-28,2026,120,16+,"США, Великобритания",21:50,420
Майкл,2026-05-28,2026,120,16+,"США, Великобритания",20:40,420
Майкл,2026-05-28,2026,120,16+,"США, Великобритания",21:00,420
Майкл,2026-05-29,2026,120,16+,"США, Великобритания",11:35,420
Майкл,2026-05-29,2026,120,16+,"США, Великобритания",14:10,470
Майкл,2026-05-29,2026,120,16+,"США, Великобритания",16:45,470
Майкл,2026-05-29,2026,120,16+,"США, Великобритания",19:20,570
Майкл,2026-05-29,2026,120,16+,"США, Великобритания",21:45,570
Пропасть,2026-05-29,2026,,18+,,20:45,570
Майкл,2026-05-29,2026,120,16+,"США, Великобритания",11:45,420
Майкл,2026-05-29,2026,120,16+,"США, Великобритания",14:20,470
Майкл,2026-05-29,2026,120,16+,"США, Великобритания",16:50,470
Майкл,2026-05-29,2026,120,16+,"США, Великобритания",19:20,570
Майкл,2026-05-29,2026,120,16+,"США, Великобритания",21:45,570
Майкл,2026-05-29,2026,120,16+,"США, Великобритания",11:50,300
Майкл,2026-05-29,2026,120,16+,"США, Великобритания",14:25,350
Майкл,2026-05-29,2026,120,16+,"США, Великобритания",17:00,480
Майкл,2026-05-29,2026,120,16+,"США, Великобритания",19:30,480
Майкл,2026-05-29,2026,120,16+,"США, Великобритания",21:50,480
Пропасть,2026-05-29,2026,,18+,,20:40,480
Грязные деньги,2026-05-29,2026,98,0+,"Великобритания, США",13:00,650
Майкл,2026-05-29,2026,120,16+,"США, Великобритания",16:00,650
Глубокий сосуд,2026-05-29,2025,11,18+,Россия,19:00,1000
Майкл,2026-05-29,2026,120,16+,"США, Великобритания",14:05,550
Майкл,2026-05-29,2026,120,16+,"США, Великобритания",16:40,550
Майкл,2026-05-29,2026,120,16+,"США, Великобритания",19:15,650
Майкл,2026-05-29,2026,120,16+,"США, Великобритания",21:45,650
Горничная,2026-05-29,2025,,18+,,19:30,650
Майкл,2026-05-29,2026,120,16+,"США, Великобритания",14:05,550
Майкл,2026-05-29,2026,120,16+,"США, Великобритания",16:40,550
Майкл,2026-05-29,2026,120,16+,"США, Великобритания",19:10,650
Майкл,2026-05-29,2026,120,16+,"США, Великобритания",21:40,650
Пропасть,2026-05-29,2026,,18+,,20:25,650
Приключения желтого чемоданчика,2026-05-29,2026,,6+,Россия,14:40,390
Майкл,2026-05-29,2026,120,16+,"США, Великобритания",16:30,460
Майкл,2026-05-29,2026,120,16+,"США, Великобритания",19:00,540
Майкл,2026-05-29,2026,120,16+,"США, Великобритания",21:25,540
Пропасть,2026-05-29,2026,,18+,,17:35,530
Майкл,2026-05-29,2026,120,16+,"США, Великобритания",18:55,530
Майкл,2026-05-29,2026,120,16+,"США, Великобритания",21:30,530
Поймать вора,2026-05-29,,106,12+,США,19:30,530
Майкл,2026-05-29,2026,120,16+,"США, Великобритания",18:15,450
Майкл,2026-05-29,2026,120,16+,"США, Великобритания",20:40,450
«Питер FM»,2026-05-29,2006,86,12+,Россия,19:00,400
Майкл,2026-05-29,2026,120,16+,"США, Великобритания",19:20,420
Красавица,2026-05-30,2026,,12+,,09:00,280
Грязные деньги,2026-05-30,2026,98,0+,"Великобритания, США",10:00,650
Грязные деньги,2026-05-30,2026,98,0+,"Великобритания, США",13:00,650
Майкл,2026-05-30,2026,120,16+,"США, Великобритания",16:00,650
Майкл,2026-05-30,2026,120,16+,"США, Великобритания",19:00,650
Майкл,2026-05-30,2026,120,16+,"США, Великобритания",11:20,420
Майкл,2026-05-30,2026,120,16+,"США, Великобритания",13:55,480
Майкл,2026-05-30,2026,120,16+,"США, Великобритания",16:30,540
Майкл,2026-05-30,2026,120,16+,"США, Великобритания",19:05,580
Майкл,2026-05-30,2026,120,16+,"США, Великобритания",21:35,580
Пропасть,2026-05-30,2026,,18+,,20:40,580
Майкл,2026-05-30,2026,120,16+,"США, Великобритания",11:25,470
Майкл,2026-05-30,2026,120,16+,"США, Великобритания",14:00,550
Майкл,2026-05-30,2026,120,16+,"США, Великобритания",16:35,630
Майкл,2026-05-30,2026,120,16+,"США, Великобритания",19:10,630
Майкл,2026-05-30,2026,120,16+,"США, Великобритания",21:40,630
Театр в кино: Я — Сергей Образцов,2026-05-30,,85,16+,,15:45,700
Пропасть,2026-05-30,2026,,18+,,20:25,630
Майкл,2026-05-30,2026,120,16+,"США, Великобритания",11:35,470
Майкл,2026-05-30,2026,120,16+,"США, Великобритания",14:10,550
Майкл,2026-05-30,2026,120,16+,"США, Великобритания",16:45,630
Майкл,2026-05-30,2026,120,16+,"США, Великобритания",19:15,630
Майкл,2026-05-30,2026,120,16+,"США, Великобритания",21:50,630
Пропасть,2026-05-30,2026,,18+,,20:40,630
Майкл,2026-05-30,2026,120,16+,"США, Великобритания",14:00,640
Майкл,2026-05-30,2026,120,16+,"США, Великобритания",16:35,740
Майкл,2026-05-30,2026,120,16+,"США, Великобритания",19:10,740
Майкл,2026-05-30,2026,120,16+,"США, Великобритания",21:40,740
Пропасть,2026-05-30,2026,,18+,,20:40,740
Майкл,2026-05-30,2026,120,16+,"США, Великобритания",14:20,640
Майкл,2026-05-30,2026,120,16+,"США, Великобритания",16:50,740
Майкл,2026-05-30,2026,120,16+,"США, Великобритания",19:20,740
Майкл,2026-05-30,2026,120,16+,"США, Великобритания",21:45,740
Брегенцский фестиваль: Мадам Баттерфляй,2026-05-30,2023,120,16+,Австрия,17:00,1100
Пропасть,2026-05-30,2026,,18+,,20:50,740
Театр в кино: Шурале,2026-05-30,2025,90,6+,,15:45,700
Майкл,2026-05-30,2026,120,16+,"США, Великобритания",17:30,440
Майкл,2026-05-30,2026,120,16+,"США, Великобритания",19:55,440
Майкл,2026-05-30,2026,120,16+,"США, Великобритания",15:50,470
Майкл,2026-05-30,2026,120,16+,"США, Великобритания",18:15,470
Майкл,2026-05-30,2026,120,16+,"США, Великобритания",20:40,470
Майкл,2026-05-30,2026,120,16+,"США, Великобритания",16:25,Регистрация
Майкл,2026-05-30,2026,120,16+,"США, Великобритания",19:00,580
Майкл,2026-05-30,2026,120,16+,"США, Великобритания",21:35,Регистрация
Пропасть,2026-05-30,2026,,18+,,19:30,Регистрация
Майкл,2026-05-30,2026,120,16+,"США, Великобритания",16:35,580
Майкл,2026-05-30,2026,120,16+,"США, Великобритания",19:00,580
Майкл,2026-05-30,2026,120,16+,"США, Великобритания",21:25,580
Грязные деньги,2026-05-31,2026,98,0+,"Великобритания, США",10:00,650
Майкл,2026-05-31,2026,120,16+,"США, Великобритания",13:00,650
Убить Билла: Кровавое дело целиком,2026-05-31,2004,281,18+,США,17:00,1100
Майкл,2026-05-31,2026,120,16+,"США, Великобритания",11:25,470
Майкл,2026-05-31,2026,120,16+,"США, Великобритания",14:00,550
Майкл,2026-05-31,2026,120,16+,"США, Великобритания",16:35,630
Майкл,2026-05-31,2026,120,16+,"США, Великобритания",19:10,630
Майкл,2026-05-31,2026,120,16+,"США, Великобритания",21:45,630
Майкл,2026-05-31,2026,120,16+,"США, Великобритания",11:25,470
Майкл,2026-05-31,2026,120,16+,"США, Великобритания",14:00,550
Майкл,2026-05-31,2026,120,16+,"США, Великобритания",16:35,630
Майкл,2026-05-31,2026,120,16+,"США, Великобритания",19:10,630
Майкл,2026-05-31,2026,120,16+,"США, Великобритания",21:45,630
Майкл,2026-05-31,2026,120,16+,"США, Великобритания",11:35,420
Майкл,2026-05-31,2026,120,16+,"США, Великобритания",14:05,480
Майкл,2026-05-31,2026,120,16+,"США, Великобритания",16:35,540
Майкл,2026-05-31,2026,120,16+,"США, Великобритания",19:10,580
Майкл,2026-05-31,2026,120,16+,"США, Великобритания",21:45,580
Пропасть,2026-05-31,2026,,18+,,20:40,580
Майкл,2026-05-31,2026,120,16+,"США, Великобритания",14:00,640
Майкл,2026-05-31,2026,120,16+,"США, Великобритания",16:35,740
Майкл,2026-05-31,2026,120,16+,"США, Великобритания",19:10,740
Майкл,2026-05-31,2026,120,16+,"США, Великобритания",21:45,740
Globe: Доктор Фауст,2026-05-31,,158,16+,Великобритания,17:00,800
Майкл,2026-05-31,2026,120,16+,"США, Великобритания",14:00,640
Майкл,2026-05-31,2026,120,16+,"США, Великобритания",16:35,740
Майкл,2026-05-31,2026,120,16+,"США, Великобритания",19:10,740
Майкл,2026-05-31,2026,120,16+,"США, Великобритания",21:45,740
TheatreHD: Оперный фестиваль Россини. Дева озера,2026-05-31,2025,177,16+,,15:00,1100
Арт-лекторий: Хильма аф Клинт. За гранью видимого,2026-05-31,2019,94,18+,,17:00,550
